Parcel ID,Address,Investment Flag,Estimated Value,Confidence,Comp Count,Price/sqft,Sqft,Beds,Baths,Year Built,Assessed Value,Last Sale Price,Last Sale Date,Prop Type,Status,Notes
16232060290000,"1226 S SAWYER AVE, CHICAGO, IL, 60623",UNKNOWN,N/A,NONE,0,N/A,,,,,N/A,N/A,,,failed,"HTTP 401: {""Response"":{""status"":{""version"": ""1.0.0"",""code"": ""401"",""msg"": ""Unauthorized"",""total"": ""0"",""page"": """
20163130350000,"500 W 61ST ST, CHICAGO, IL, 60621",UNKNOWN,N/A,NONE,0,N/A,,,,,N/A,N/A,,,failed,"HTTP 401: {""Response"":{""status"":{""version"": ""1.0.0"",""code"": ""401"",""msg"": ""Unauthorized"",""total"": ""0"",""page"": """
25211070340000,"11150 S STEWART AVE, CHICAGO, IL, 60628",UNKNOWN,N/A,NONE,0,N/A,,,,,N/A,N/A,,,failed,"HTTP 401: {""Response"":{""status"":{""version"": ""1.0.0"",""code"": ""401"",""msg"": ""Unauthorized"",""total"": ""0"",""page"": """
16231090440000,"1350 S AVERS AVE, CHICAGO, IL, 60623",UNKNOWN,N/A,NONE,0,N/A,,,,,N/A,N/A,,,failed,"HTTP 401: {""Response"":{""status"":{""version"": ""1.0.0"",""code"": ""401"",""msg"": ""Unauthorized"",""total"": ""0"",""page"": """
16234140200000,"1843 S SAWYER AVE, CHICAGO, IL, 60623",UNKNOWN,N/A,NONE,0,N/A,,,,,N/A,N/A,,,failed,"HTTP 401: {""Response"":{""status"":{""version"": ""1.0.0"",""code"": ""401"",""msg"": ""Unauthorized"",""total"": ""0"",""page"": """
16142160020000,"3573 W FIFTH AVE, CHICAGO, IL, 60624",UNKNOWN,N/A,NONE,0,N/A,,,,,N/A,N/A,,,failed,"HTTP 401: {""Response"":{""status"":{""version"": ""1.0.0"",""code"": ""401"",""msg"": ""Unauthorized"",""total"": ""0"",""page"": """
16103280240000,"4720 W MADISON ST, CHICAGO, IL, 60644",UNKNOWN,N/A,NONE,0,N/A,,,,,N/A,N/A,,,failed,"HTTP 401: {""Response"":{""status"":{""version"": ""1.0.0"",""code"": ""401"",""msg"": ""Unauthorized"",""total"": ""0"",""page"": """
20181180190000,"5741 S SEELEY AVE, CHICAGO, IL, 60636",UNKNOWN,N/A,NONE,0,N/A,,,,,N/A,N/A,,,failed,"HTTP 401: {""Response"":{""status"":{""version"": ""1.0.0"",""code"": ""401"",""msg"": ""Unauthorized"",""total"": ""0"",""page"": """
26062110430000,"8848 S BALTIMORE AVE, CHICAGO, IL 60601",UNKNOWN,N/A,NONE,0,N/A,,,,,N/A,N/A,,,failed,"HTTP 401: {""Response"":{""status"":{""version"": ""1.0.0"",""code"": ""401"",""msg"": ""Unauthorized"",""total"": ""0"",""page"": """
20194070120000,"6733 S MARSHFIELD AVE, CHICAGO, IL, 60636",UNKNOWN,N/A,NONE,0,N/A,,,,,N/A,N/A,,,failed,"HTTP 401: {""Response"":{""status"":{""version"": ""1.0.0"",""code"": ""401"",""msg"": ""Unauthorized"",""total"": ""0"",""page"": """
20331080150000,"8057 S HALSTED ST, CHICAGO, IL, 60620",UNKNOWN,N/A,NONE,0,N/A,,,,,N/A,N/A,,,failed,"HTTP 401: {""Response"":{""status"":{""version"": ""1.0.0"",""code"": ""401"",""msg"": ""Unauthorized"",""total"": ""0"",""page"": """
20341230310000,"8232 S KING DR, CHICAGO, IL, 60619",UNKNOWN,N/A,NONE,0,N/A,,,,,N/A,N/A,,,failed,"HTTP 401: {""Response"":{""status"":{""version"": ""1.0.0"",""code"": ""401"",""msg"": ""Unauthorized"",""total"": ""0"",""page"": """
25333110550000,"13724 S WALLACE AVE, RIVERDALE, IL, 60827",UNKNOWN,N/A,NONE,0,N/A,,,,,N/A,N/A,,,failed,"HTTP 401: {""Response"":{""status"":{""version"": ""1.0.0"",""code"": ""401"",""msg"": ""Unauthorized"",""total"": ""0"",""page"": """
20282020170000,"7106 S YALE AVE 1, CHICAGO, IL, 60621",UNKNOWN,N/A,NONE,0,N/A,,,,,N/A,N/A,,,failed,"HTTP 401: {""Response"":{""status"":{""version"": ""1.0.0"",""code"": ""401"",""msg"": ""Unauthorized"",""total"": ""0"",""page"": """
26062110440000,"8850 S BALTIMORE AVE, CHICAGO, IL 60601",UNKNOWN,N/A,NONE,0,N/A,,,,,N/A,N/A,,,failed,"HTTP 401: {""Response"":{""status"":{""version"": ""1.0.0"",""code"": ""401"",""msg"": ""Unauthorized"",""total"": ""0"",""page"": """
20163190290000,"516 W 62ND ST, CHICAGO, IL, 60621",UNKNOWN,N/A,NONE,0,N/A,,,,,N/A,N/A,,,failed,"HTTP 401: {""Response"":{""status"":{""version"": ""1.0.0"",""code"": ""401"",""msg"": ""Unauthorized"",""total"": ""0"",""page"": """
16222050130000,"1229 S KEDVALE AVE, CHICAGO, IL, 60623",UNKNOWN,N/A,NONE,0,N/A,,,,,N/A,N/A,,,failed,"HTTP 401: {""Response"":{""status"":{""version"": ""1.0.0"",""code"": ""401"",""msg"": ""Unauthorized"",""total"": ""0"",""page"": """
16231090410000,"1356 S AVERS AVE, CHICAGO, IL, 60623",UNKNOWN,N/A,NONE,0,N/A,,,,,N/A,N/A,,,failed,"HTTP 401: {""Response"":{""status"":{""version"": ""1.0.0"",""code"": ""401"",""msg"": ""Unauthorized"",""total"": ""0"",""page"": """
16234140210000,"1845 S SAWYER AVE, CHICAGO, IL, 60623",UNKNOWN,N/A,NONE,0,N/A,,,,,N/A,N/A,,,failed,"HTTP 401: {""Response"":{""status"":{""version"": ""1.0.0"",""code"": ""401"",""msg"": ""Unauthorized"",""total"": ""0"",""page"": """
16142160010000,"3575 W FIFTH AVE, CHICAGO, IL, 60624",UNKNOWN,N/A,NONE,0,N/A,,,,,N/A,N/A,,,failed,"HTTP 401: {""Response"":{""status"":{""version"": ""1.0.0"",""code"": ""401"",""msg"": ""Unauthorized"",""total"": ""0"",""page"": """
16153100370000,"4722 W ARTHINGTON ST, CHICAGO, IL, 60644",UNKNOWN,N/A,NONE,0,N/A,,,,,N/A,N/A,,,failed,"HTTP 401: {""Response"":{""status"":{""version"": ""1.0.0"",""code"": ""401"",""msg"": ""Unauthorized"",""total"": ""0"",""page"": """
20182220410000,"5748 S MARSHFIELD AVE, CHICAGO, IL, 60636",UNKNOWN,N/A,NONE,0,N/A,,,,,N/A,N/A,,,failed,"HTTP 401: {""Response"":{""status"":{""version"": ""1.0.0"",""code"": ""401"",""msg"": ""Unauthorized"",""total"": ""0"",""page"": """
20194060360000,"6738 S MARSHFIELD AVE, CHICAGO, IL, 60636",UNKNOWN,N/A,NONE,0,N/A,,,,,N/A,N/A,,,failed,"HTTP 401: {""Response"":{""status"":{""version"": ""1.0.0"",""code"": ""401"",""msg"": ""Unauthorized"",""total"": ""0"",""page"": """
20321090170000,"8057 S JUSTINE ST, CHICAGO, IL, 60620",UNKNOWN,N/A,NONE,0,N/A,,,,,N/A,N/A,,,failed,"HTTP 401: {""Response"":{""status"":{""version"": ""1.0.0"",""code"": ""401"",""msg"": ""Unauthorized"",""total"": ""0"",""page"": """
25153180080000,"10917 S MICHIGAN AVE, CHICAGO, IL, 60628",UNKNOWN,N/A,NONE,0,N/A,,,,,N/A,N/A,,,failed,"HTTP 401: {""Response"":{""status"":{""version"": ""1.0.0"",""code"": ""401"",""msg"": ""Unauthorized"",""total"": ""0"",""page"": """
25271050110000,"11921 S PRAIRIE AVE, CHICAGO, IL, 60628",UNKNOWN,N/A,NONE,0,N/A,,,,,N/A,N/A,,,failed,"HTTP 401: {""Response"":{""status"":{""version"": ""1.0.0"",""code"": ""401"",""msg"": ""Unauthorized"",""total"": ""0"",""page"": """
31042000050000,"5100 183RD ST, TINLEY PARK, IL 60477",UNKNOWN,N/A,NONE,0,N/A,,,,,N/A,N/A,,,failed,"HTTP 401: {""Response"":{""status"":{""version"": ""1.0.0"",""code"": ""401"",""msg"": ""Unauthorized"",""total"": ""0"",""page"": """
26062110450000,"8854 S BALTIMORE AVE, CHICAGO, IL 60601",UNKNOWN,N/A,NONE,0,N/A,,,,,N/A,N/A,,,failed,"HTTP 401: {""Response"":{""status"":{""version"": ""1.0.0"",""code"": ""401"",""msg"": ""Unauthorized"",""total"": ""0"",""page"": """
16091200480000,"520 N LARAMIE AVE, CHICAGO, IL, 60644",UNKNOWN,N/A,NONE,0,N/A,,,,,N/A,N/A,,,failed,"HTTP 401: {""Response"":{""status"":{""version"": ""1.0.0"",""code"": ""401"",""msg"": ""Unauthorized"",""total"": ""0"",""page"": """
20291170130000,"1401 W 72ND PL, CHICAGO, IL, 60636",UNKNOWN,N/A,NONE,0,N/A,,,,,N/A,N/A,,,failed,"HTTP 401: {""Response"":{""status"":{""version"": ""1.0.0"",""code"": ""401"",""msg"": ""Unauthorized"",""total"": ""0"",""page"": """
16212030200000,"1231 S 50TH CT, CICERO, IL, 60804",UNKNOWN,N/A,NONE,0,N/A,,,,,N/A,N/A,,,failed,"HTTP 401: {""Response"":{""status"":{""version"": ""1.0.0"",""code"": ""401"",""msg"": ""Unauthorized"",""total"": ""0"",""page"": """
20182260060000,"1845 W 58TH ST, CHICAGO, IL, 60636",UNKNOWN,N/A,NONE,0,N/A,,,,,N/A,N/A,,,failed,"HTTP 401: {""Response"":{""status"":{""version"": ""1.0.0"",""code"": ""401"",""msg"": ""Unauthorized"",""total"": ""0"",""page"": """
16231060030000,"3621 W ROOSEVELT RD, CHICAGO, IL, 60624",UNKNOWN,N/A,NONE,0,N/A,,,,,N/A,N/A,,,failed,"HTTP 401: {""Response"":{""status"":{""version"": ""1.0.0"",""code"": ""401"",""msg"": ""Unauthorized"",""total"": ""0"",""page"": """
16151040130000,"4725 W MONROE ST, CHICAGO, IL, 60644",UNKNOWN,N/A,NONE,0,N/A,,,,,N/A,N/A,,,failed,"HTTP 401: {""Response"":{""status"":{""version"": ""1.0.0"",""code"": ""401"",""msg"": ""Unauthorized"",""total"": ""0"",""page"": """
20214020230000,"6740 S PERRY AVE, CHICAGO, IL, 60621",UNKNOWN,N/A,NONE,0,N/A,,,,,N/A,N/A,,,failed,"HTTP 401: {""Response"":{""status"":{""version"": ""1.0.0"",""code"": ""401"",""msg"": ""Unauthorized"",""total"": ""0"",""page"": """
25121080570000,"9737 S VAN VLISSINGEN RD, CHICAGO, IL, 60617",UNKNOWN,N/A,NONE,0,N/A,,,,,N/A,N/A,,,failed,"HTTP 401: {""Response"":{""status"":{""version"": ""1.0.0"",""code"": ""401"",""msg"": ""Unauthorized"",""total"": ""0"",""page"": """
20172200350000,"5748 S SANGAMON ST, CHICAGO, IL, 60621",UNKNOWN,N/A,NONE,0,N/A,,,,,N/A,N/A,,,failed,"HTTP 401: {""Response"":{""status"":{""version"": ""1.0.0"",""code"": ""401"",""msg"": ""Unauthorized"",""total"": ""0"",""page"": """
20074170030000,"5307 S WINCHESTER AVE 1, CHICAGO, IL, 60609",UNKNOWN,N/A,NONE,0,N/A,,,,,N/A,N/A,,,failed,"HTTP 401: {""Response"":{""status"":{""version"": ""1.0.0"",""code"": ""401"",""msg"": ""Unauthorized"",""total"": ""0"",""page"": """
25084100310000,"10024 S CARPENTER ST, CHICAGO, IL, 60643",UNKNOWN,N/A,NONE,0,N/A,,,,,N/A,N/A,,,failed,"HTTP 401: {""Response"":{""status"":{""version"": ""1.0.0"",""code"": ""401"",""msg"": ""Unauthorized"",""total"": ""0"",""page"": """
26062110460000,"8856 S BALTIMORE AVE, CHICAGO, IL 60601",UNKNOWN,N/A,NONE,0,N/A,,,,,N/A,N/A,,,failed,"HTTP 401: {""Response"":{""status"":{""version"": ""1.0.0"",""code"": ""401"",""msg"": ""Unauthorized"",""total"": ""0"",""page"": """
16091190350000,"520 N LOCKWOOD AVE, CHICAGO, IL, 60644",UNKNOWN,N/A,NONE,0,N/A,,,,,N/A,N/A,,,failed,"HTTP 401: {""Response"":{""status"":{""version"": ""1.0.0"",""code"": ""401"",""msg"": ""Unauthorized"",""total"": ""0"",""page"": """
16241010170000,"1233 S TROY ST, CHICAGO, IL, 60623",UNKNOWN,N/A,NONE,0,N/A,,,,,N/A,N/A,,,failed,"HTTP 401: {""Response"":{""status"":{""version"": ""1.0.0"",""code"": ""401"",""msg"": ""Unauthorized"",""total"": ""0"",""page"": """
31364160230000,"4 APPLE LN, PARK FOREST, IL, 60466",UNKNOWN,N/A,NONE,0,N/A,,,,,N/A,N/A,,,failed,"HTTP 401: {""Response"":{""status"":{""version"": ""1.0.0"",""code"": ""401"",""msg"": ""Unauthorized"",""total"": ""0"",""page"": """
20291220130000,"1401 W 73RD ST, CHICAGO, IL, 60636",UNKNOWN,N/A,NONE,0,N/A,,,,,N/A,N/A,,,failed,"HTTP 401: {""Response"":{""status"":{""version"": ""1.0.0"",""code"": ""401"",""msg"": ""Unauthorized"",""total"": ""0"",""page"": """
16234140370000,"1846 S KEDZIE AVE, CHICAGO, IL, 60623",UNKNOWN,N/A,NONE,0,N/A,,,,,N/A,N/A,,,failed,"HTTP 401: {""Response"":{""status"":{""version"": ""1.0.0"",""code"": ""401"",""msg"": ""Unauthorized"",""total"": ""0"",""page"": """
16101020130000,"4725 W SUPERIOR ST, CHICAGO, IL, 60644",UNKNOWN,N/A,NONE,0,N/A,,,,,N/A,N/A,,,failed,"HTTP 401: {""Response"":{""status"":{""version"": ""1.0.0"",""code"": ""401"",""msg"": ""Unauthorized"",""total"": ""0"",""page"": """
16141200010000,"3631 W FIFTH AVE, CHICAGO, IL, 60624",UNKNOWN,N/A,NONE,0,N/A,,,,,N/A,N/A,,,failed,"HTTP 401: {""Response"":{""status"":{""version"": ""1.0.0"",""code"": ""401"",""msg"": ""Unauthorized"",""total"": ""0"",""page"": """
20182190370000,"5748 S WOOD ST, CHICAGO, IL, 60636",UNKNOWN,N/A,NONE,0,N/A,,,,,N/A,N/A,,,failed,"HTTP 401: {""Response"":{""status"":{""version"": ""1.0.0"",""code"": ""401"",""msg"": ""Unauthorized"",""total"": ""0"",""page"": """
20194010250000,"6751 S WINCHESTER AVE, CHICAGO, IL, 60636",UNKNOWN,N/A,NONE,0,N/A,,,,,N/A,N/A,,,failed,"HTTP 401: {""Response"":{""status"":{""version"": ""1.0.0"",""code"": ""401"",""msg"": ""Unauthorized"",""total"": ""0"",""page"": """
25214110430000,"11611 S YALE AVE, CHICAGO, IL, 60628",UNKNOWN,N/A,NONE,0,N/A,,,,,N/A,N/A,,,failed,"HTTP 401: {""Response"":{""status"":{""version"": ""1.0.0"",""code"": ""401"",""msg"": ""Unauthorized"",""total"": ""0"",""page"": """
25271040300000,"11932 S PRAIRIE AVE, CHICAGO, IL, 60628",UNKNOWN,N/A,NONE,0,N/A,,,,,N/A,N/A,,,failed,"HTTP 401: {""Response"":{""status"":{""version"": ""1.0.0"",""code"": ""401"",""msg"": ""Unauthorized"",""total"": ""0"",""page"": """
25041220540000,"8913 S NORMAL AVE, CHICAGO, IL, 60620",UNKNOWN,N/A,NONE,0,N/A,,,,,N/A,N/A,,,failed,"HTTP 401: {""Response"":{""status"":{""version"": ""1.0.0"",""code"": ""401"",""msg"": ""Unauthorized"",""total"": ""0"",""page"": """
20203020060000,"1443 W MARQUETTE RD 1, CHICAGO, IL, 60636",UNKNOWN,N/A,NONE,0,N/A,,,,,N/A,N/A,,,failed,"HTTP 401: {""Response"":{""status"":{""version"": ""1.0.0"",""code"": ""401"",""msg"": ""Unauthorized"",""total"": ""0"",""page"": """
16131010220000,"12 S WHIPPLE ST, CHICAGO, IL 60601",UNKNOWN,N/A,NONE,0,N/A,,,,,N/A,N/A,,,failed,"HTTP 401: {""Response"":{""status"":{""version"": ""1.0.0"",""code"": ""401"",""msg"": ""Unauthorized"",""total"": ""0"",""page"": """
25041290220000,"9000 S EGGLESTON AVE, CHICAGO, IL 60601",UNKNOWN,N/A,NONE,0,N/A,,,,,N/A,N/A,,,failed,"HTTP 401: {""Response"":{""status"":{""version"": ""1.0.0"",""code"": ""401"",""msg"": ""Unauthorized"",""total"": ""0"",""page"": """
16091190340000,"524 N LOCKWOOD AVE E, CHICAGO, IL, 60644",UNKNOWN,N/A,NONE,0,N/A,,,,,N/A,N/A,,,failed,"HTTP 401: {""Response"":{""status"":{""version"": ""1.0.0"",""code"": ""401"",""msg"": ""Unauthorized"",""total"": ""0"",""page"": """
16212030210000,"1235 S 50TH CT, CICERO, IL, 60804",UNKNOWN,N/A,NONE,0,N/A,,,,,N/A,N/A,,,failed,"HTTP 401: {""Response"":{""status"":{""version"": ""1.0.0"",""code"": ""401"",""msg"": ""Unauthorized"",""total"": ""0"",""page"": """
16032160420000,"1408 N KEELER AVE, CHICAGO, IL, 60651",UNKNOWN,N/A,NONE,0,N/A,,,,,N/A,N/A,,,failed,"HTTP 401: {""Response"":{""status"":{""version"": ""1.0.0"",""code"": ""401"",""msg"": ""Unauthorized"",""total"": ""0"",""page"": """
16234140220000,"1847 S SAWYER AVE, CHICAGO, IL, 60623",UNKNOWN,N/A,NONE,0,N/A,,,,,N/A,N/A,,,failed,"HTTP 401: {""Response"":{""status"":{""version"": ""1.0.0"",""code"": ""401"",""msg"": ""Unauthorized"",""total"": ""0"",""page"": """
16023310400000,"3640 W CHICAGO AVE, CHICAGO, IL, 60651",UNKNOWN,N/A,NONE,0,N/A,,,,,N/A,N/A,,,failed,"HTTP 401: {""Response"":{""status"":{""version"": ""1.0.0"",""code"": ""401"",""msg"": ""Unauthorized"",""total"": ""0"",""page"": """
16151040120000,"4727 W MONROE ST, CHICAGO, IL, 60644",UNKNOWN,N/A,NONE,0,N/A,,,,,N/A,N/A,,,failed,"HTTP 401: {""Response"":{""status"":{""version"": ""1.0.0"",""code"": ""401"",""msg"": ""Unauthorized"",""total"": ""0"",""page"": """
20162210080000,"5751 S LAFAYETTE AVE, CHICAGO, IL, 60621",UNKNOWN,N/A,NONE,0,N/A,,,,,N/A,N/A,,,failed,"HTTP 401: {""Response"":{""status"":{""version"": ""1.0.0"",""code"": ""401"",""msg"": ""Unauthorized"",""total"": ""0"",""page"": """
20213020340000,"6752 S LOWE AVE, CHICAGO, IL, 60621",UNKNOWN,N/A,NONE,0,N/A,,,,,N/A,N/A,,,failed,"HTTP 401: {""Response"":{""status"":{""version"": ""1.0.0"",""code"": ""401"",""msg"": ""Unauthorized"",""total"": ""0"",""page"": """
25192050100000,"11156 S ASHLAND AVE, CHICAGO, IL, 60643",UNKNOWN,N/A,NONE,0,N/A,,,,,N/A,N/A,,,failed,"HTTP 401: {""Response"":{""status"":{""version"": ""1.0.0"",""code"": ""401"",""msg"": ""Unauthorized"",""total"": ""0"",""page"": """
16131010230000,"14 S WHIPPLE ST, CHICAGO, IL 60601",UNKNOWN,N/A,NONE,0,N/A,,,,,N/A,N/A,,,failed,"HTTP 401: {""Response"":{""status"":{""version"": ""1.0.0"",""code"": ""401"",""msg"": ""Unauthorized"",""total"": ""0"",""page"": """
25041290230000,"9004 S EGGLESTON AVE, CHICAGO, IL 60601",UNKNOWN,N/A,NONE,0,N/A,,,,,N/A,N/A,,,failed,"HTTP 401: {""Response"":{""status"":{""version"": ""1.0.0"",""code"": ""401"",""msg"": ""Unauthorized"",""total"": ""0"",""page"": """
25333300140000,"525 W PACESETTER PKY, RIVERDALE, IL, 60827",UNKNOWN,N/A,NONE,0,N/A,,,,,N/A,N/A,,,failed,"HTTP 401: {""Response"":{""status"":{""version"": ""1.0.0"",""code"": ""401"",""msg"": ""Unauthorized"",""total"": ""0"",""page"": """
16232060160000,"1235 S SPAULDING AVE, CHICAGO, IL, 60623",UNKNOWN,N/A,NONE,0,N/A,,,,,N/A,N/A,,,failed,"HTTP 401: {""Response"":{""status"":{""version"": ""1.0.0"",""code"": ""401"",""msg"": ""Unauthorized"",""total"": ""0"",""page"": """
16221090040000,"1411 S KILBOURN AVE, CHICAGO, IL, 60623",UNKNOWN,N/A,NONE,0,N/A,,,,,N/A,N/A,,,failed,"HTTP 401: {""Response"":{""status"":{""version"": ""1.0.0"",""code"": ""401"",""msg"": ""Unauthorized"",""total"": ""0"",""page"": """
16234140230000,"1849 S SAWYER AVE, CHICAGO, IL, 60623",UNKNOWN,N/A,NONE,0,N/A,,,,,N/A,N/A,,,failed,"HTTP 401: {""Response"":{""status"":{""version"": ""1.0.0"",""code"": ""401"",""msg"": ""Unauthorized"",""total"": ""0"",""page"": """
16143280220000,"3649 W GRENSHAW ST, CHICAGO, IL, 60624",UNKNOWN,N/A,NONE,0,N/A,,,,,N/A,N/A,,,failed,"HTTP 401: {""Response"":{""status"":{""version"": ""1.0.0"",""code"": ""401"",""msg"": ""Unauthorized"",""total"": ""0"",""page"": """
16153100340000,"4728 W ARTHINGTON ST, CHICAGO, IL, 60644",UNKNOWN,N/A,NONE,0,N/A,,,,,N/A,N/A,,,failed,"HTTP 401: {""Response"":{""status"":{""version"": ""1.0.0"",""code"": ""401"",""msg"": ""Unauthorized"",""total"": ""0"",""page"": """
20172260170000,"5800 S CARPENTER ST, CHICAGO, IL, 60621",UNKNOWN,N/A,NONE,0,N/A,,,,,N/A,N/A,,,failed,"HTTP 401: {""Response"":{""status"":{""version"": ""1.0.0"",""code"": ""401"",""msg"": ""Unauthorized"",""total"": ""0"",""page"": """
20203040270000,"6759 S LOOMIS ST, CHICAGO, IL, 60636",UNKNOWN,N/A,NONE,0,N/A,,,,,N/A,N/A,,,failed,"HTTP 401: {""Response"":{""status"":{""version"": ""1.0.0"",""code"": ""401"",""msg"": ""Unauthorized"",""total"": ""0"",""page"": """
29041020270000,"13818 S SCHOOL ST, RIVERDALE, IL, 60827",UNKNOWN,N/A,NONE,0,N/A,,,,,N/A,N/A,,,failed,"HTTP 401: {""Response"":{""status"":{""version"": ""1.0.0"",""code"": ""401"",""msg"": ""Unauthorized"",""total"": ""0"",""page"": """
20322300170000,"8259 S GREEN ST, CHICAGO, IL, 60620",UNKNOWN,N/A,NONE,0,N/A,,,,,N/A,N/A,,,failed,"HTTP 401: {""Response"":{""status"":{""version"": ""1.0.0"",""code"": ""401"",""msg"": ""Unauthorized"",""total"": ""0"",""page"": """
20292220180000,"7349 S PEORIA ST 1, CHICAGO, IL, 60621",UNKNOWN,N/A,NONE,0,N/A,,,,,N/A,N/A,,,failed,"HTTP 401: {""Response"":{""status"":{""version"": ""1.0.0"",""code"": ""401"",""msg"": ""Unauthorized"",""total"": ""0"",""page"": """
25153200070000,"18 E 110TH PL, CHICAGO, IL 60601",UNKNOWN,N/A,NONE,0,N/A,,,,,N/A,N/A,,,failed,"HTTP 401: {""Response"":{""status"":{""version"": ""1.0.0"",""code"": ""401"",""msg"": ""Unauthorized"",""total"": ""0"",""page"": """
25041290250000,"9008 S EGGLESTON AVE, CHICAGO, IL 60601",UNKNOWN,N/A,NONE,0,N/A,,,,,N/A,N/A,,,failed,"HTTP 401: {""Response"":{""status"":{""version"": ""1.0.0"",""code"": ""401"",""msg"": ""Unauthorized"",""total"": ""0"",""page"": """
16222040330000,"1240 S KEDVALE AVE, CHICAGO, IL, 60623",UNKNOWN,N/A,NONE,0,N/A,,,,,N/A,N/A,,,failed,"HTTP 401: {""Response"":{""status"":{""version"": ""1.0.0"",""code"": ""401"",""msg"": ""Unauthorized"",""total"": ""0"",""page"": """
16111180290000,"526 N HARDING AVE, CHICAGO, IL, 60624",UNKNOWN,N/A,NONE,0,N/A,,,,,N/A,N/A,,,failed,"HTTP 401: {""Response"":{""status"":{""version"": ""1.0.0"",""code"": ""401"",""msg"": ""Unauthorized"",""total"": ""0"",""page"": """
16221090050000,"1413 S KILBOURN AVE, CHICAGO, IL, 60623",UNKNOWN,N/A,NONE,0,N/A,,,,,N/A,N/A,,,failed,"HTTP 401: {""Response"":{""status"":{""version"": ""1.0.0"",""code"": ""401"",""msg"": ""Unauthorized"",""total"": ""0"",""page"": """
16234000880000,"1852 S DRAKE AVE, CHICAGO, IL, 60623",UNKNOWN,N/A,NONE,0,N/A,,,,,N/A,N/A,,,failed,"HTTP 401: {""Response"":{""status"":{""version"": ""1.0.0"",""code"": ""401"",""msg"": ""Unauthorized"",""total"": ""0"",""page"": """
16143280230000,"3649 W GRENSHAW ST, CHICAGO, IL, 60624",UNKNOWN,N/A,NONE,0,N/A,,,,,N/A,N/A,,,failed,"HTTP 401: {""Response"":{""status"":{""version"": ""1.0.0"",""code"": ""401"",""msg"": ""Unauthorized"",""total"": ""0"",""page"": """
16103140070000,"4732 W MAYPOLE AVE, CHICAGO, IL, 60644",UNKNOWN,N/A,NONE,0,N/A,,,,,N/A,N/A,,,failed,"HTTP 401: {""Response"":{""status"":{""version"": ""1.0.0"",""code"": ""401"",""msg"": ""Unauthorized"",""total"": ""0"",""page"": """
20194100220000,"6806 S HONORE ST, CHICAGO, IL, 60636",UNKNOWN,N/A,NONE,0,N/A,,,,,N/A,N/A,,,failed,"HTTP 401: {""Response"":{""status"":{""version"": ""1.0.0"",""code"": ""401"",""msg"": ""Unauthorized"",""total"": ""0"",""page"": """
25153170260000,"10920 S MICHIGAN AVE, CHICAGO, IL, 60628",UNKNOWN,N/A,NONE,0,N/A,,,,,N/A,N/A,,,failed,"HTTP 401: {""Response"":{""status"":{""version"": ""1.0.0"",""code"": ""401"",""msg"": ""Unauthorized"",""total"": ""0"",""page"": """
20172240090000,"5800 S MAY ST, CHICAGO, IL, 60621",UNKNOWN,N/A,NONE,0,N/A,,,,,N/A,N/A,,,failed,"HTTP 401: {""Response"":{""status"":{""version"": ""1.0.0"",""code"": ""401"",""msg"": ""Unauthorized"",""total"": ""0"",""page"": """
25051240090000,"9047 S ASHLAND AVE, CHICAGO, IL, 60620",UNKNOWN,N/A,NONE,0,N/A,,,,,N/A,N/A,,,failed,"HTTP 401: {""Response"":{""status"":{""version"": ""1.0.0"",""code"": ""401"",""msg"": ""Unauthorized"",""total"": ""0"",""page"": """
25271040290000,"11928 S PRAIRIE AVE, CHICAGO, IL, 60628",UNKNOWN,N/A,NONE,0,N/A,,,,,N/A,N/A,,,failed,"HTTP 401: {""Response"":{""status"":{""version"": ""1.0.0"",""code"": ""401"",""msg"": ""Unauthorized"",""total"": ""0"",""page"": """
29081010390000,"33 E 144TH ST, HARVEY, IL 60426",UNKNOWN,N/A,NONE,0,N/A,,,,,N/A,N/A,,,failed,"HTTP 401: {""Response"":{""status"":{""version"": ""1.0.0"",""code"": ""401"",""msg"": ""Unauthorized"",""total"": ""0"",""page"": """
25044090330000,"9320 S PERRY AVE, CHICAGO, IL, 60620",UNKNOWN,N/A,NONE,0,N/A,,,,,N/A,N/A,,,failed,"HTTP 401: {""Response"":{""status"":{""version"": ""1.0.0"",""code"": ""401"",""msg"": ""Unauthorized"",""total"": ""0"",""page"": """
20211270170000,"526 W 66TH PL, CHICAGO, IL, 60621",UNKNOWN,N/A,NONE,0,N/A,,,,,N/A,N/A,,,failed,"HTTP 401: {""Response"":{""status"":{""version"": ""1.0.0"",""code"": ""401"",""msg"": ""Unauthorized"",""total"": ""0"",""page"": """
16222020210000,"1243 S KILDARE AVE, CHICAGO, IL, 60623",UNKNOWN,N/A,NONE,0,N/A,,,,,N/A,N/A,,,failed,"HTTP 401: {""Response"":{""status"":{""version"": ""1.0.0"",""code"": ""401"",""msg"": ""Unauthorized"",""total"": ""0"",""page"": """
16233130470000,"1852 S LAWNDALE AVE, CHICAGO, IL, 60623",UNKNOWN,N/A,NONE,0,N/A,,,,,N/A,N/A,,,failed,"HTTP 401: {""Response"":{""status"":{""version"": ""1.0.0"",""code"": ""401"",""msg"": ""Unauthorized"",""total"": ""0"",""page"": """
25173320210000,"1416 W 111TH ST, CHICAGO, IL, 60643",UNKNOWN,N/A,NONE,0,N/A,,,,,N/A,N/A,,,failed,"HTTP 401: {""Response"":{""status"":{""version"": ""1.0.0"",""code"": ""401"",""msg"": ""Unauthorized"",""total"": ""0"",""page"": """
16111240060000,"3649 W OHIO ST, CHICAGO, IL, 60624",UNKNOWN,N/A,NONE,0,N/A,,,,,N/A,N/A,,,failed,"HTTP 401: {""Response"":{""status"":{""version"": ""1.0.0"",""code"": ""401"",""msg"": ""Unauthorized"",""total"": ""0"",""page"": """
16153120080000,"4743 W ARTHINGTON ST, CHICAGO, IL, 60644",UNKNOWN,N/A,NONE,0,N/A,,,,,N/A,N/A,,,failed,"HTTP 401: {""Response"":{""status"":{""version"": ""1.0.0"",""code"": ""401"",""msg"": ""Unauthorized"",""total"": ""0"",""page"": """
20172270010000,"5801 S CARPENTER ST, CHICAGO, IL, 60621",UNKNOWN,N/A,NONE,0,N/A,,,,,N/A,N/A,,,failed,"HTTP 401: {""Response"":{""status"":{""version"": ""1.0.0"",""code"": ""401"",""msg"": ""Unauthorized"",""total"": ""0"",""page"": """
26071220530000,"9739 S OGLESBY AVE, CHICAGO, IL, 60617",UNKNOWN,N/A,NONE,0,N/A,,,,,N/A,N/A,,,failed,"HTTP 401: {""Response"":{""status"":{""version"": ""1.0.0"",""code"": ""401"",""msg"": ""Unauthorized"",""total"": ""0"",""page"": """
20162060580000,"5536 S LAFAYETTE AVE 2, CHICAGO, IL, 60621",UNKNOWN,N/A,NONE,0,N/A,,,,,N/A,N/A,,,failed,"HTTP 401: {""Response"":{""status"":{""version"": ""1.0.0"",""code"": ""401"",""msg"": ""Unauthorized"",""total"": ""0"",""page"": """
20194100230000,"6810 S HONORE ST, CHICAGO, IL, 60636",UNKNOWN,N/A,NONE,0,N/A,,,,,N/A,N/A,,,failed,"HTTP 401: {""Response"":{""status"":{""version"": ""1.0.0"",""code"": ""401"",""msg"": ""Unauthorized"",""total"": ""0"",""page"": """
25084140120000,"10037 S PEORIA ST, CHICAGO, IL, 60643",UNKNOWN,N/A,NONE,0,N/A,,,,,N/A,N/A,,,failed,"HTTP 401: {""Response"":{""status"":{""version"": ""1.0.0"",""code"": ""401"",""msg"": ""Unauthorized"",""total"": ""0"",""page"": """
16131100010000,"121 S SACRAMENTO AVE, CHICAGO, IL 60601",UNKNOWN,N/A,NONE,0,N/A,,,,,N/A,N/A,,,failed,"HTTP 401: {""Response"":{""status"":{""version"": ""1.0.0"",""code"": ""401"",""msg"": ""Unauthorized"",""total"": ""0"",""page"": """
25122230050000,"9723 S CRANDON AVE, CHICAGO, IL, 60617",UNKNOWN,N/A,NONE,0,N/A,,,,,N/A,N/A,,,failed,"HTTP 401: {""Response"":{""status"":{""version"": ""1.0.0"",""code"": ""401"",""msg"": ""Unauthorized"",""total"": ""0"",""page"": """
16232060190000,"1243 S SPAULDING AVE, CHICAGO, IL, 60623",UNKNOWN,N/A,NONE,0,N/A,,,,,N/A,N/A,,,failed,"HTTP 401: {""Response"":{""status"":{""version"": ""1.0.0"",""code"": ""401"",""msg"": ""Unauthorized"",""total"": ""0"",""page"": """
16222190090000,"1423 S KEELER AVE, CHICAGO, IL, 60623",UNKNOWN,N/A,NONE,0,N/A,,,,,N/A,N/A,,,failed,"HTTP 401: {""Response"":{""status"":{""version"": ""1.0.0"",""code"": ""401"",""msg"": ""Unauthorized"",""total"": ""0"",""page"": """
16234000890000,"1854 S DRAKE AVE, CHICAGO, IL, 60623",UNKNOWN,N/A,NONE,0,N/A,,,,,N/A,N/A,,,failed,"HTTP 401: {""Response"":{""status"":{""version"": ""1.0.0"",""code"": ""401"",""msg"": ""Unauthorized"",""total"": ""0"",""page"": """
20163220240000,"526 W ENGLEWOOD AVE, CHICAGO, IL, 60621",UNKNOWN,N/A,NONE,0,N/A,,,,,N/A,N/A,,,failed,"HTTP 401: {""Response"":{""status"":{""version"": ""1.0.0"",""code"": ""401"",""msg"": ""Unauthorized"",""total"": ""0"",""page"": """
16111240040000,"3653 W OHIO ST, CHICAGO, IL, 60624",UNKNOWN,N/A,NONE,0,N/A,,,,,N/A,N/A,,,failed,"HTTP 401: {""Response"":{""status"":{""version"": ""1.0.0"",""code"": ""401"",""msg"": ""Unauthorized"",""total"": ""0"",""page"": """
16153120070000,"4747 W ARTHINGTON ST, CHICAGO, IL, 60644",UNKNOWN,N/A,NONE,0,N/A,,,,,N/A,N/A,,,failed,"HTTP 401: {""Response"":{""status"":{""version"": ""1.0.0"",""code"": ""401"",""msg"": ""Unauthorized"",""total"": ""0"",""page"": """
20161220010000,"5801 S UNION AVE, CHICAGO, IL, 60621",UNKNOWN,N/A,NONE,0,N/A,,,,,N/A,N/A,,,failed,"HTTP 401: {""Response"":{""status"":{""version"": ""1.0.0"",""code"": ""401"",""msg"": ""Unauthorized"",""total"": ""0"",""page"": """
20223110060000,"6813 S CALUMET AVE, CHICAGO, IL, 60637",UNKNOWN,N/A,NONE,0,N/A,,,,,N/A,N/A,,,failed,"HTTP 401: {""Response"":{""status"":{""version"": ""1.0.0"",""code"": ""401"",""msg"": ""Unauthorized"",""total"": ""0"",""page"": """
25214100260000,"11626 S YALE AVE, CHICAGO, IL, 60628",UNKNOWN,N/A,NONE,0,N/A,,,,,N/A,N/A,,,failed,"HTTP 401: {""Response"":{""status"":{""version"": ""1.0.0"",""code"": ""401"",""msg"": ""Unauthorized"",""total"": ""0"",""page"": """
25041220070000,"8917 S NORMAL AVE, CHICAGO, IL, 60620",UNKNOWN,N/A,NONE,0,N/A,,,,,N/A,N/A,,,failed,"HTTP 401: {""Response"":{""status"":{""version"": ""1.0.0"",""code"": ""401"",""msg"": ""Unauthorized"",""total"": ""0"",""page"": """
16222240260000,"1524 S KILDARE AVE 1, CHICAGO, IL, 60623",UNKNOWN,N/A,NONE,0,N/A,,,,,N/A,N/A,,,failed,"HTTP 401: {""Response"":{""status"":{""version"": ""1.0.0"",""code"": ""401"",""msg"": ""Unauthorized"",""total"": ""0"",""page"": """
30171030380000,"216 154TH PL, CALUMET CITY, IL, 60409",UNKNOWN,N/A,NONE,0,N/A,,,,,N/A,N/A,,,failed,"HTTP 401: {""Response"":{""status"":{""version"": ""1.0.0"",""code"": ""401"",""msg"": ""Unauthorized"",""total"": ""0"",""page"": """
25161040110000,"527 W 103RD ST, CHICAGO, IL, 60628",UNKNOWN,N/A,NONE,0,N/A,,,,,N/A,N/A,,,failed,"HTTP 401: {""Response"":{""status"":{""version"": ""1.0.0"",""code"": ""401"",""msg"": ""Unauthorized"",""total"": ""0"",""page"": """
25103280160000,"10200 S SOUTH PARK AVE, CHICAGO, IL",UNKNOWN,N/A,NONE,0,N/A,,,,,N/A,N/A,,,failed,"HTTP 401: {""Response"":{""status"":{""version"": ""1.0.0"",""code"": ""401"",""msg"": ""Unauthorized"",""total"": ""0"",""page"": """
20291090660000,"1246 W 72ND ST, CHICAGO, IL, 60636",UNKNOWN,N/A,NONE,0,N/A,,,,,N/A,N/A,,,failed,"HTTP 401: {""Response"":{""status"":{""version"": ""1.0.0"",""code"": ""401"",""msg"": ""Unauthorized"",""total"": ""0"",""page"": """
16231140100000,"1423 S PULASKI RD, CHICAGO, IL, 60623",UNKNOWN,N/A,NONE,0,N/A,,,,,N/A,N/A,,,failed,"HTTP 401: {""Response"":{""status"":{""version"": ""1.0.0"",""code"": ""401"",""msg"": ""Unauthorized"",""total"": ""0"",""page"": """
16234000900000,"1856 S DRAKE AVE, CHICAGO, IL, 60623",UNKNOWN,N/A,NONE,0,N/A,,,,,N/A,N/A,,,failed,"HTTP 401: {""Response"":{""status"":{""version"": ""1.0.0"",""code"": ""401"",""msg"": ""Unauthorized"",""total"": ""0"",""page"": """
16162210690000,"4814 W HARRISON ST, CHICAGO, IL, 60644",UNKNOWN,N/A,NONE,0,N/A,,,,,N/A,N/A,,,failed,"HTTP 401: {""Response"":{""status"":{""version"": ""1.0.0"",""code"": ""401"",""msg"": ""Unauthorized"",""total"": ""0"",""page"": """
16111240030000,"3655 W OHIO ST, CHICAGO, IL, 60624",UNKNOWN,N/A,NONE,0,N/A,,,,,N/A,N/A,,,failed,"HTTP 401: {""Response"":{""status"":{""version"": ""1.0.0"",""code"": ""401"",""msg"": ""Unauthorized"",""total"": ""0"",""page"": """
20161220020000,"5803 S UNION AVE, CHICAGO, IL, 60621",UNKNOWN,N/A,NONE,0,N/A,,,,,N/A,N/A,,,failed,"HTTP 401: {""Response"":{""status"":{""version"": ""1.0.0"",""code"": ""401"",""msg"": ""Unauthorized"",""total"": ""0"",""page"": """
25103280170000,"10204 S SOUTH PARK AVE, CHICAGO, IL",UNKNOWN,N/A,NONE,0,N/A,,,,,N/A,N/A,,,failed,"HTTP 401: {""Response"":{""status"":{""version"": ""1.0.0"",""code"": ""401"",""msg"": ""Unauthorized"",""total"": ""0"",""page"": """
25333300130000,"527 W PACESETTER PKY, RIVERDALE, IL, 60827",UNKNOWN,N/A,NONE,0,N/A,,,,,N/A,N/A,,,failed,"HTTP 401: {""Response"":{""status"":{""version"": ""1.0.0"",""code"": ""401"",""msg"": ""Unauthorized"",""total"": ""0"",""page"": """
29122020130000,"283 CRANDON AVE, CALUMET CITY, IL, 60409",UNKNOWN,N/A,NONE,0,N/A,,,,,N/A,N/A,,,failed,"HTTP 401: {""Response"":{""status"":{""version"": ""1.0.0"",""code"": ""401"",""msg"": ""Unauthorized"",""total"": ""0"",""page"": """
20223060070000,"6813 S STATE ST, CHICAGO, IL, 60637",UNKNOWN,N/A,NONE,0,N/A,,,,,N/A,N/A,,,failed,"HTTP 401: {""Response"":{""status"":{""version"": ""1.0.0"",""code"": ""401"",""msg"": ""Unauthorized"",""total"": ""0"",""page"": """
16232060210000,"1249 S SPAULDING AVE, CHICAGO, IL, 60623",UNKNOWN,N/A,NONE,0,N/A,,,,,N/A,N/A,,,failed,"HTTP 401: {""Response"":{""status"":{""version"": ""1.0.0"",""code"": ""401"",""msg"": ""Unauthorized"",""total"": ""0"",""page"": """
20291020030000,"1429 W 71ST ST, CHICAGO, IL, 60636",UNKNOWN,N/A,NONE,0,N/A,,,,,N/A,N/A,,,failed,"HTTP 401: {""Response"":{""status"":{""version"": ""1.0.0"",""code"": ""401"",""msg"": ""Unauthorized"",""total"": ""0"",""page"": """
16233130210000,"1857 S RIDGEWAY AVE, CHICAGO, IL, 60623",UNKNOWN,N/A,NONE,0,N/A,,,,,N/A,N/A,,,failed,"HTTP 401: {""Response"":{""status"":{""version"": ""1.0.0"",""code"": ""401"",""msg"": ""Unauthorized"",""total"": ""0"",""page"": """
16023310350000,"3658 W CHICAGO AVE, CHICAGO, IL, 60651",UNKNOWN,N/A,NONE,0,N/A,,,,,N/A,N/A,,,failed,"HTTP 401: {""Response"":{""status"":{""version"": ""1.0.0"",""code"": ""401"",""msg"": ""Unauthorized"",""total"": ""0"",""page"": """
16094280160000,"4815 W WASHINGTON BLVD, CHICAGO, IL, 60644",UNKNOWN,N/A,NONE,0,N/A,,,,,N/A,N/A,,,failed,"HTTP 401: {""Response"":{""status"":{""version"": ""1.0.0"",""code"": ""401"",""msg"": ""Unauthorized"",""total"": ""0"",""page"": """
20182300030000,"5805 S PAULINA ST, CHICAGO, IL, 60636",UNKNOWN,N/A,NONE,0,N/A,,,,,N/A,N/A,,,failed,"HTTP 401: {""Response"":{""status"":{""version"": ""1.0.0"",""code"": ""401"",""msg"": ""Unauthorized"",""total"": ""0"",""page"": """
29041010670000,"13835 S STEWART AVE, RIVERDALE, IL, 60827",UNKNOWN,N/A,NONE,0,N/A,,,,,N/A,N/A,,,failed,"HTTP 401: {""Response"":{""status"":{""version"": ""1.0.0"",""code"": ""401"",""msg"": ""Unauthorized"",""total"": ""0"",""page"": """
20194130260000,"6818 S PAULINA ST, CHICAGO, IL, 60636",UNKNOWN,N/A,NONE,0,N/A,,,,,N/A,N/A,,,failed,"HTTP 401: {""Response"":{""status"":{""version"": ""1.0.0"",""code"": ""401"",""msg"": ""Unauthorized"",""total"": ""0"",""page"": """
20324070040000,"8317 S GREEN ST, CHICAGO, IL, 60620",UNKNOWN,N/A,NONE,0,N/A,,,,,N/A,N/A,,,failed,"HTTP 401: {""Response"":{""status"":{""version"": ""1.0.0"",""code"": ""401"",""msg"": ""Unauthorized"",""total"": ""0"",""page"": """
20282260180000,"7406 S WENTWORTH AVE 1, CHICAGO, IL, 60621",UNKNOWN,N/A,NONE,0,N/A,,,,,N/A,N/A,,,failed,"HTTP 401: {""Response"":{""status"":{""version"": ""1.0.0"",""code"": ""401"",""msg"": ""Unauthorized"",""total"": ""0"",""page"": """
29122080410000,"321 PAXTON AVE, CALUMET CITY, IL, 60409",UNKNOWN,N/A,NONE,0,N/A,,,,,N/A,N/A,,,failed,"HTTP 401: {""Response"":{""status"":{""version"": ""1.0.0"",""code"": ""401"",""msg"": ""Unauthorized"",""total"": ""0"",""page"": """
25223000110000,"11561 S STATE ST, CHICAGO, IL, 60628",UNKNOWN,N/A,NONE,0,N/A,,,,,N/A,N/A,,,failed,"HTTP 401: {""Response"":{""status"":{""version"": ""1.0.0"",""code"": ""401"",""msg"": ""Unauthorized"",""total"": ""0"",""page"": """
16222060370000,"1252 S KOMENSKY AVE, CHICAGO, IL, 60623",UNKNOWN,N/A,NONE,0,N/A,,,,,N/A,N/A,,,failed,"HTTP 401: {""Response"":{""status"":{""version"": ""1.0.0"",""code"": ""401"",""msg"": ""Unauthorized"",""total"": ""0"",""page"": """
16092160390000,"528 N LEAMINGTON AVE, CHICAGO, IL, 60644",UNKNOWN,N/A,NONE,0,N/A,,,,,N/A,N/A,,,failed,"HTTP 401: {""Response"":{""status"":{""version"": ""1.0.0"",""code"": ""401"",""msg"": ""Unauthorized"",""total"": ""0"",""page"": """
20321020050000,"1435 W 79TH ST, CHICAGO, IL, 60620",UNKNOWN,N/A,NONE,0,N/A,,,,,N/A,N/A,,,failed,"HTTP 401: {""Response"":{""status"":{""version"": ""1.0.0"",""code"": ""401"",""msg"": ""Unauthorized"",""total"": ""0"",""page"": """
16234220030000,"1905 S SAWYER AVE, CHICAGO, IL, 60623",UNKNOWN,N/A,NONE,0,N/A,,,,,N/A,N/A,,,failed,"HTTP 401: {""Response"":{""status"":{""version"": ""1.0.0"",""code"": ""401"",""msg"": ""Unauthorized"",""total"": ""0"",""page"": """
16023040050000,"3747 W DIVISION ST, CHICAGO, IL, 60651",UNKNOWN,N/A,NONE,0,N/A,,,,,N/A,N/A,,,failed,"HTTP 401: {""Response"":{""status"":{""version"": ""1.0.0"",""code"": ""401"",""msg"": ""Unauthorized"",""total"": ""0"",""page"": """
16162210680000,"4816 W HARRISON ST, CHICAGO, IL, 60644",UNKNOWN,N/A,NONE,0,N/A,,,,,N/A,N/A,,,failed,"HTTP 401: {""Response"":{""status"":{""version"": ""1.0.0"",""code"": ""401"",""msg"": ""Unauthorized"",""total"": ""0"",""page"": """
20161220030000,"5805 S UNION AVE, CHICAGO, IL, 60621",UNKNOWN,N/A,NONE,0,N/A,,,,,N/A,N/A,,,failed,"HTTP 401: {""Response"":{""status"":{""version"": ""1.0.0"",""code"": ""401"",""msg"": ""Unauthorized"",""total"": ""0"",""page"": """
20204100090000,"6823 S ABERDEEN ST, CHICAGO, IL, 60621",UNKNOWN,N/A,NONE,0,N/A,,,,,N/A,N/A,,,failed,"HTTP 401: {""Response"":{""status"":{""version"": ""1.0.0"",""code"": ""401"",""msg"": ""Unauthorized"",""total"": ""0"",""page"": """
25153180090000,"10921 S MICHIGAN AVE, CHICAGO, IL, 60628",UNKNOWN,N/A,NONE,0,N/A,,,,,N/A,N/A,,,failed,"HTTP 401: {""Response"":{""status"":{""version"": ""1.0.0"",""code"": ""401"",""msg"": ""Unauthorized"",""total"": ""0"",""page"": """
16142140210000,"323 S CENTRAL PARK AVE, CHICAGO, IL 60601",UNKNOWN,N/A,NONE,0,N/A,,,,,N/A,N/A,,,failed,"HTTP 401: {""Response"":{""status"":{""version"": ""1.0.0"",""code"": ""401"",""msg"": ""Unauthorized"",""total"": ""0"",""page"": """
16111200250000,"530 N AVERS AVE, CHICAGO, IL, 60624",UNKNOWN,N/A,NONE,0,N/A,,,,,N/A,N/A,,,failed,"HTTP 401: {""Response"":{""status"":{""version"": ""1.0.0"",""code"": ""401"",""msg"": ""Unauthorized"",""total"": ""0"",""page"": """
29024020300000,"14234 KENWOOD AVE, DOLTON, IL, 60419",UNKNOWN,N/A,NONE,0,N/A,,,,,N/A,N/A,,,failed,"HTTP 401: {""Response"":{""status"":{""version"": ""1.0.0"",""code"": ""401"",""msg"": ""Unauthorized"",""total"": ""0"",""page"": """
20291140330000,"1254 W 72ND PL, CHICAGO, IL, 60636",UNKNOWN,N/A,NONE,0,N/A,,,,,N/A,N/A,,,failed,"HTTP 401: {""Response"":{""status"":{""version"": ""1.0.0"",""code"": ""401"",""msg"": ""Unauthorized"",""total"": ""0"",""page"": """
16222180300000,"1436 S KEELER AVE, CHICAGO, IL, 60623",UNKNOWN,N/A,NONE,0,N/A,,,,,N/A,N/A,,,failed,"HTTP 401: {""Response"":{""status"":{""version"": ""1.0.0"",""code"": ""401"",""msg"": ""Unauthorized"",""total"": ""0"",""page"": """
16234220070000,"1919 S SAWYER AVE, CHICAGO, IL, 60623",UNKNOWN,N/A,NONE,0,N/A,,,,,N/A,N/A,,,failed,"HTTP 401: {""Response"":{""status"":{""version"": ""1.0.0"",""code"": ""401"",""msg"": ""Unauthorized"",""total"": ""0"",""page"": """
16111210020000,"3815 W OHIO ST, CHICAGO, IL, 60624",UNKNOWN,N/A,NONE,0,N/A,,,,,N/A,N/A,,,failed,"HTTP 401: {""Response"":{""status"":{""version"": ""1.0.0"",""code"": ""401"",""msg"": ""Unauthorized"",""total"": ""0"",""page"": """
16162210340000,"4821 W CONGRESS PKY, CHICAGO, IL, 60644",UNKNOWN,N/A,NONE,0,N/A,,,,,N/A,N/A,,,failed,"HTTP 401: {""Response"":{""status"":{""version"": ""1.0.0"",""code"": ""401"",""msg"": ""Unauthorized"",""total"": ""0"",""page"": """
20171290040000,"5807 S ADA ST, CHICAGO, IL, 60636",UNKNOWN,N/A,NONE,0,N/A,,,,,N/A,N/A,,,failed,"HTTP 401: {""Response"":{""status"":{""version"": ""1.0.0"",""code"": ""401"",""msg"": ""Unauthorized"",""total"": ""0"",""page"": """
20203090110000,"6827 S JUSTINE ST, CHICAGO, IL, 60636",UNKNOWN,N/A,NONE,0,N/A,,,,,N/A,N/A,,,failed,"HTTP 401: {""Response"":{""status"":{""version"": ""1.0.0"",""code"": ""401"",""msg"": ""Unauthorized"",""total"": ""0"",""page"": """
20162050410000,"5616 S PERRY AVE 1FL, CHICAGO, IL, 60621",UNKNOWN,N/A,NONE,0,N/A,,,,,N/A,N/A,,,failed,"HTTP 401: {""Response"":{""status"":{""version"": ""1.0.0"",""code"": ""401"",""msg"": ""Unauthorized"",""total"": ""0"",""page"": """
29121100660000,"332 MADISON AVE, CALUMET CITY, IL, 60409",UNKNOWN,N/A,NONE,0,N/A,,,,,N/A,N/A,,,failed,"HTTP 401: {""Response"":{""status"":{""version"": ""1.0.0"",""code"": ""401"",""msg"": ""Unauthorized"",""total"": ""0"",""page"": """
25151120440000,"10433 S MICHIGAN AVE, CHICAGO, IL, 60628",UNKNOWN,N/A,NONE,0,N/A,,,,,N/A,N/A,,,failed,"HTTP 401: {""Response"":{""status"":{""version"": ""1.0.0"",""code"": ""401"",""msg"": ""Unauthorized"",""total"": ""0"",""page"": """
29023230210000,"14418 UNIVERSITY AVE, DOLTON, IL, 60419",UNKNOWN,N/A,NONE,0,N/A,,,,,N/A,N/A,,,failed,"HTTP 401: {""Response"":{""status"":{""version"": ""1.0.0"",""code"": ""401"",""msg"": ""Unauthorized"",""total"": ""0"",""page"": """
16111190120000,"531 N HARDING AVE, CHICAGO, IL, 60624",UNKNOWN,N/A,NONE,0,N/A,,,,,N/A,N/A,,,failed,"HTTP 401: {""Response"":{""status"":{""version"": ""1.0.0"",""code"": ""401"",""msg"": ""Unauthorized"",""total"": ""0"",""page"": """
16232040240000,"1255 S HOMAN AVE, CHICAGO, IL, 60623",UNKNOWN,N/A,NONE,0,N/A,,,,,N/A,N/A,,,failed,"HTTP 401: {""Response"":{""status"":{""version"": ""1.0.0"",""code"": ""401"",""msg"": ""Unauthorized"",""total"": ""0"",""page"": """
16231140160000,"1439 S PULASKI RD, CHICAGO, IL, 60623",UNKNOWN,N/A,NONE,0,N/A,,,,,N/A,N/A,,,failed,"HTTP 401: {""Response"":{""status"":{""version"": ""1.0.0"",""code"": ""401"",""msg"": ""Unauthorized"",""total"": ""0"",""page"": """
15143110210000,"1920 S 5TH AVE, MAYWOOD, IL, 60153",UNKNOWN,N/A,NONE,0,N/A,,,,,N/A,N/A,,,failed,"HTTP 401: {""Response"":{""status"":{""version"": ""1.0.0"",""code"": ""401"",""msg"": ""Unauthorized"",""total"": ""0"",""page"": """
16111200420000,"3834 W FERDINAND ST, CHICAGO, IL, 60624",UNKNOWN,N/A,NONE,0,N/A,,,,,N/A,N/A,,,failed,"HTTP 401: {""Response"":{""status"":{""version"": ""1.0.0"",""code"": ""401"",""msg"": ""Unauthorized"",""total"": ""0"",""page"": """
16092310230000,"4826 W KINZIE ST, CHICAGO, IL, 60644",UNKNOWN,N/A,NONE,0,N/A,,,,,N/A,N/A,,,failed,"HTTP 401: {""Response"":{""status"":{""version"": ""1.0.0"",""code"": ""401"",""msg"": ""Unauthorized"",""total"": ""0"",""page"": """
20161210030000,"5807 S EMERALD AVE, CHICAGO, IL, 60621",UNKNOWN,N/A,NONE,0,N/A,,,,,N/A,N/A,,,failed,"HTTP 401: {""Response"":{""status"":{""version"": ""1.0.0"",""code"": ""401"",""msg"": ""Unauthorized"",""total"": ""0"",""page"": """
20194080110000,"6829 S DAMEN AVE, CHICAGO, IL, 60636",UNKNOWN,N/A,NONE,0,N/A,,,,,N/A,N/A,,,failed,"HTTP 401: {""Response"":{""status"":{""version"": ""1.0.0"",""code"": ""401"",""msg"": ""Unauthorized"",""total"": ""0"",""page"": """
25214110180000,"11651 S YALE AVE, CHICAGO, IL, 60628",UNKNOWN,N/A,NONE,0,N/A,,,,,N/A,N/A,,,failed,"HTTP 401: {""Response"":{""status"":{""version"": ""1.0.0"",""code"": ""401"",""msg"": ""Unauthorized"",""total"": ""0"",""page"": """
16222270290000,"1530 S KEDVALE AVE 2, CHICAGO, IL, 60623",UNKNOWN,N/A,NONE,0,N/A,,,,,N/A,N/A,,,failed,"HTTP 401: {""Response"":{""status"":{""version"": ""1.0.0"",""code"": ""401"",""msg"": ""Unauthorized"",""total"": ""0"",""page"": """
25041200060000,"8917 S WALLACE ST, CHICAGO, IL, 60620",UNKNOWN,N/A,NONE,0,N/A,,,,,N/A,N/A,,,failed,"HTTP 401: {""Response"":{""status"":{""version"": ""1.0.0"",""code"": ""401"",""msg"": ""Unauthorized"",""total"": ""0"",""page"": """
29023240060000,"14419 UNIVERSITY AVE, DOLTON, IL, 60419",UNKNOWN,N/A,NONE,0,N/A,,,,,N/A,N/A,,,failed,"HTTP 401: {""Response"":{""status"":{""version"": ""1.0.0"",""code"": ""401"",""msg"": ""Unauthorized"",""total"": ""0"",""page"": """
31364080270000,"338 OSWEGO ST, PARK FOREST, IL, 60466",UNKNOWN,N/A,NONE,0,N/A,,,,,N/A,N/A,,,failed,"HTTP 401: {""Response"":{""status"":{""version"": ""1.0.0"",""code"": ""401"",""msg"": ""Unauthorized"",""total"": ""0"",""page"": """
25333300120000,"531 W PACESETTER PKY, RIVERDALE, IL, 60827",UNKNOWN,N/A,NONE,0,N/A,,,,,N/A,N/A,,,failed,"HTTP 401: {""Response"":{""status"":{""version"": ""1.0.0"",""code"": ""401"",""msg"": ""Unauthorized"",""total"": ""0"",""page"": """
16232060230000,"1255 S SPAULDING AVE, CHICAGO, IL, 60623",UNKNOWN,N/A,NONE,0,N/A,,,,,N/A,N/A,,,failed,"HTTP 401: {""Response"":{""status"":{""version"": ""1.0.0"",""code"": ""401"",""msg"": ""Unauthorized"",""total"": ""0"",""page"": """
16232200170000,"1439 S SPAULDING AVE, CHICAGO, IL, 60623",UNKNOWN,N/A,NONE,0,N/A,,,,,N/A,N/A,,,failed,"HTTP 401: {""Response"":{""status"":{""version"": ""1.0.0"",""code"": ""401"",""msg"": ""Unauthorized"",""total"": ""0"",""page"": """
16233190080000,"1925 S SPRINGFIELD AVE, CHICAGO, IL, 60623",UNKNOWN,N/A,NONE,0,N/A,,,,,N/A,N/A,,,failed,"HTTP 401: {""Response"":{""status"":{""version"": ""1.0.0"",""code"": ""401"",""msg"": ""Unauthorized"",""total"": ""0"",""page"": """
16141050190000,"3842 W ADAMS ST, CHICAGO, IL, 60624",UNKNOWN,N/A,NONE,0,N/A,,,,,N/A,N/A,,,failed,"HTTP 401: {""Response"":{""status"":{""version"": ""1.0.0"",""code"": ""401"",""msg"": ""Unauthorized"",""total"": ""0"",""page"": """
16092310130000,"4827 W HUBBARD ST, CHICAGO, IL, 60644",UNKNOWN,N/A,NONE,0,N/A,,,,,N/A,N/A,,,failed,"HTTP 401: {""Response"":{""status"":{""version"": ""1.0.0"",""code"": ""401"",""msg"": ""Unauthorized"",""total"": ""0"",""page"": """
20182300040000,"5807 S PAULINA ST, CHICAGO, IL, 60636",UNKNOWN,N/A,NONE,0,N/A,,,,,N/A,N/A,,,failed,"HTTP 401: {""Response"":{""status"":{""version"": ""1.0.0"",""code"": ""401"",""msg"": ""Unauthorized"",""total"": ""0"",""page"": """
20203110290000,"6830 S LOOMIS ST, CHICAGO, IL, 60636",UNKNOWN,N/A,NONE,0,N/A,,,,,N/A,N/A,,,failed,"HTTP 401: {""Response"":{""status"":{""version"": ""1.0.0"",""code"": ""401"",""msg"": ""Unauthorized"",""total"": ""0"",""page"": """
29111100090000,"14606 LINCOLN AVE, DOLTON, IL, 60419",UNKNOWN,N/A,NONE,0,N/A,,,,,N/A,N/A,,,failed,"HTTP 401: {""Response"":{""status"":{""version"": ""1.0.0"",""code"": ""401"",""msg"": ""Unauthorized"",""total"": ""0"",""page"": """
16142220010000,"341 S CHRISTINA AVE, CHICAGO, IL 60601",UNKNOWN,N/A,NONE,0,N/A,,,,,N/A,N/A,,,failed,"HTTP 401: {""Response"":{""status"":{""version"": ""1.0.0"",""code"": ""401"",""msg"": ""Unauthorized"",""total"": ""0"",""page"": """
29101080250000,"532 E SIBLEY BLVD, DOLTON, IL, 60419",UNKNOWN,N/A,NONE,0,N/A,,,,,N/A,N/A,,,failed,"HTTP 401: {""Response"":{""status"":{""version"": ""1.0.0"",""code"": ""401"",""msg"": ""Unauthorized"",""total"": ""0"",""page"": """
20291330060000,"1269 W 74TH PL, CHICAGO, IL, 60636",UNKNOWN,N/A,NONE,0,N/A,,,,,N/A,N/A,,,failed,"HTTP 401: {""Response"":{""status"":{""version"": ""1.0.0"",""code"": ""401"",""msg"": ""Unauthorized"",""total"": ""0"",""page"": """
20173180380000,"1440 W 62ND ST, CHICAGO, IL, 60636",UNKNOWN,N/A,NONE,0,N/A,,,,,N/A,N/A,,,failed,"HTTP 401: {""Response"":{""status"":{""version"": ""1.0.0"",""code"": ""401"",""msg"": ""Unauthorized"",""total"": ""0"",""page"": """
16234150740000,"1936 S DRAKE AVE, CHICAGO, IL, 60623",UNKNOWN,N/A,NONE,0,N/A,,,,,N/A,N/A,,,failed,"HTTP 401: {""Response"":{""status"":{""version"": ""1.0.0"",""code"": ""401"",""msg"": ""Unauthorized"",""total"": ""0"",""page"": """
16094050280000,"4844 W FULTON ST, CHICAGO, IL, 60644",UNKNOWN,N/A,NONE,0,N/A,,,,,N/A,N/A,,,failed,"HTTP 401: {""Response"":{""status"":{""version"": ""1.0.0"",""code"": ""401"",""msg"": ""Unauthorized"",""total"": ""0"",""page"": """
16143060050000,"3849 W FLOURNOY ST, CHICAGO, IL, 60624",UNKNOWN,N/A,NONE,0,N/A,,,,,N/A,N/A,,,failed,"HTTP 401: {""Response"":{""status"":{""version"": ""1.0.0"",""code"": ""401"",""msg"": ""Unauthorized"",""total"": ""0"",""page"": """
20172250150000,"5810 S ABERDEEN ST, CHICAGO, IL, 60621",UNKNOWN,N/A,NONE,0,N/A,,,,,N/A,N/A,,,failed,"HTTP 401: {""Response"":{""status"":{""version"": ""1.0.0"",""code"": ""401"",""msg"": ""Unauthorized"",""total"": ""0"",""page"": """
20203150320000,"6830 S RACINE AVE, CHICAGO, IL, 60636",UNKNOWN,N/A,NONE,0,N/A,,,,,N/A,N/A,,,failed,"HTTP 401: {""Response"":{""status"":{""version"": ""1.0.0"",""code"": ""401"",""msg"": ""Unauthorized"",""total"": ""0"",""page"": """
20324070150000,"8345 S GREEN ST, CHICAGO, IL, 60620",UNKNOWN,N/A,NONE,0,N/A,,,,,N/A,N/A,,,failed,"HTTP 401: {""Response"":{""status"":{""version"": ""1.0.0"",""code"": ""401"",""msg"": ""Unauthorized"",""total"": ""0"",""page"": """
29041070450000,"13900 S WENTWORTH AVE, RIVERDALE, IL, 60827",UNKNOWN,N/A,NONE,0,N/A,,,,,N/A,N/A,,,failed,"HTTP 401: {""Response"":{""status"":{""version"": ""1.0.0"",""code"": ""401"",""msg"": ""Unauthorized"",""total"": ""0"",""page"": """
20274110020000,"7603 S RHODES AVE 2, CHICAGO, IL, 60619",UNKNOWN,N/A,NONE,0,N/A,,,,,N/A,N/A,,,failed,"HTTP 401: {""Response"":{""status"":{""version"": ""1.0.0"",""code"": ""401"",""msg"": ""Unauthorized"",""total"": ""0"",""page"": """
16142240020000,"417 S CENTRAL PARK AVE, CHICAGO, IL 60601",UNKNOWN,N/A,NONE,0,N/A,,,,,N/A,N/A,,,failed,"HTTP 401: {""Response"":{""status"":{""version"": ""1.0.0"",""code"": ""401"",""msg"": ""Unauthorized"",""total"": ""0"",""page"": """
29111130360000,"14622 SHEPARD DR, DOLTON, IL, 60419",UNKNOWN,N/A,NONE,0,N/A,,,,,N/A,N/A,,,failed,"HTTP 401: {""Response"":{""status"":{""version"": ""1.0.0"",""code"": ""401"",""msg"": ""Unauthorized"",""total"": ""0"",""page"": """
29101080260000,"534 E SIBLEY BLVD, DOLTON, IL, 60419",UNKNOWN,N/A,NONE,0,N/A,,,,,N/A,N/A,,,failed,"HTTP 401: {""Response"":{""status"":{""version"": ""1.0.0"",""code"": ""401"",""msg"": ""Unauthorized"",""total"": ""0"",""page"": """
20291330050000,"1271 W 74TH PL, CHICAGO, IL, 60636",UNKNOWN,N/A,NONE,0,N/A,,,,,N/A,N/A,,,failed,"HTTP 401: {""Response"":{""status"":{""version"": ""1.0.0"",""code"": ""401"",""msg"": ""Unauthorized"",""total"": ""0"",""page"": """
16231140170000,"1441 S PULASKI RD, CHICAGO, IL, 60623",UNKNOWN,N/A,NONE,0,N/A,,,,,N/A,N/A,,,failed,"HTTP 401: {""Response"":{""status"":{""version"": ""1.0.0"",""code"": ""401"",""msg"": ""Unauthorized"",""total"": ""0"",""page"": """
20302000050000,"1947 W 71ST ST, CHICAGO, IL, 60636",UNKNOWN,N/A,NONE,0,N/A,,,,,N/A,N/A,,,failed,"HTTP 401: {""Response"":{""status"":{""version"": ""1.0.0"",""code"": ""401"",""msg"": ""Unauthorized"",""total"": ""0"",""page"": """
16143270370000,"3860 W ROOSEVELT RD, CHICAGO, IL, 60624",UNKNOWN,N/A,NONE,0,N/A,,,,,N/A,N/A,,,failed,"HTTP 401: {""Response"":{""status"":{""version"": ""1.0.0"",""code"": ""401"",""msg"": ""Unauthorized"",""total"": ""0"",""page"": """
20172260210000,"5810 S CARPENTER ST, CHICAGO, IL, 60621",UNKNOWN,N/A,NONE,0,N/A,,,,,N/A,N/A,,,failed,"HTTP 401: {""Response"":{""status"":{""version"": ""1.0.0"",""code"": ""401"",""msg"": ""Unauthorized"",""total"": ""0"",""page"": """
16111270420000,"418 N SPRINGFIELD AVE, CHICAGO, IL 60601",UNKNOWN,N/A,NONE,0,N/A,,,,,N/A,N/A,,,failed,"HTTP 401: {""Response"":{""status"":{""version"": ""1.0.0"",""code"": ""401"",""msg"": ""Unauthorized"",""total"": ""0"",""page"": """
20203100320000,"6834 S BISHOP ST, CHICAGO, IL, 60636",UNKNOWN,N/A,NONE,0,N/A,,,,,N/A,N/A,,,failed,"HTTP 401: {""Response"":{""status"":{""version"": ""1.0.0"",""code"": ""401"",""msg"": ""Unauthorized"",""total"": ""0"",""page"": """
16164090590000,"4854 W ARTHINGTON ST, CHICAGO, IL, 60644",UNKNOWN,N/A,NONE,0,N/A,,,,,N/A,N/A,,,failed,"HTTP 401: {""Response"":{""status"":{""version"": ""1.0.0"",""code"": ""401"",""msg"": ""Unauthorized"",""total"": ""0"",""page"": """
29111150210000,"14624 UNIVERSITY AVE, DOLTON, IL, 60419",UNKNOWN,N/A,NONE,0,N/A,,,,,N/A,N/A,,,failed,"HTTP 401: {""Response"":{""status"":{""version"": ""1.0.0"",""code"": ""401"",""msg"": ""Unauthorized"",""total"": ""0"",""page"": """
25153170270000,"10924 S MICHIGAN AVE, CHICAGO, IL, 60628",UNKNOWN,N/A,NONE,0,N/A,,,,,N/A,N/A,,,failed,"HTTP 401: {""Response"":{""status"":{""version"": ""1.0.0"",""code"": ""401"",""msg"": ""Unauthorized"",""total"": ""0"",""page"": """
16111190100000,"537 N HARDING AVE, CHICAGO, IL, 60624",UNKNOWN,N/A,NONE,0,N/A,,,,,N/A,N/A,,,failed,"HTTP 401: {""Response"":{""status"":{""version"": ""1.0.0"",""code"": ""401"",""msg"": ""Unauthorized"",""total"": ""0"",""page"": """
16222220370000,"1442 S PULASKI RD, CHICAGO, IL, 60623",UNKNOWN,N/A,NONE,0,N/A,,,,,N/A,N/A,,,failed,"HTTP 401: {""Response"":{""status"":{""version"": ""1.0.0"",""code"": ""401"",""msg"": ""Unauthorized"",""total"": ""0"",""page"": """
16234210160000,"1949 S SPAULDING AVE, CHICAGO, IL, 60623",UNKNOWN,N/A,NONE,0,N/A,,,,,N/A,N/A,,,failed,"HTTP 401: {""Response"":{""status"":{""version"": ""1.0.0"",""code"": ""401"",""msg"": ""Unauthorized"",""total"": ""0"",""page"": """
20291330040000,"1273 W 74TH PL, CHICAGO, IL, 60636",UNKNOWN,N/A,NONE,0,N/A,,,,,N/A,N/A,,,failed,"HTTP 401: {""Response"":{""status"":{""version"": ""1.0.0"",""code"": ""401"",""msg"": ""Unauthorized"",""total"": ""0"",""page"": """
16094230160000,"4901 W WEST END AVE, CHICAGO, IL, 60644",UNKNOWN,N/A,NONE,0,N/A,,,,,N/A,N/A,,,failed,"HTTP 401: {""Response"":{""status"":{""version"": ""1.0.0"",""code"": ""401"",""msg"": ""Unauthorized"",""total"": ""0"",""page"": """
20182290040000,"5811 S HERMITAGE AVE, CHICAGO, IL, 60636",UNKNOWN,N/A,NONE,0,N/A,,,,,N/A,N/A,,,failed,"HTTP 401: {""Response"":{""status"":{""version"": ""1.0.0"",""code"": ""401"",""msg"": ""Unauthorized"",""total"": ""0"",""page"": """
16231230390000,"3900 W 16TH ST, CHICAGO, IL, 60623",UNKNOWN,N/A,NONE,0,N/A,,,,,N/A,N/A,,,failed,"HTTP 401: {""Response"":{""status"":{""version"": ""1.0.0"",""code"": ""401"",""msg"": ""Unauthorized"",""total"": ""0"",""page"": """
20194100150000,"6837 S WOLCOTT AVE, CHICAGO, IL, 60636",UNKNOWN,N/A,NONE,0,N/A,,,,,N/A,N/A,,,failed,"HTTP 401: {""Response"":{""status"":{""version"": ""1.0.0"",""code"": ""401"",""msg"": ""Unauthorized"",""total"": ""0"",""page"": """
25271050160000,"11933 S PRAIRIE AVE, CHICAGO, IL, 60628",UNKNOWN,N/A,NONE,0,N/A,,,,,N/A,N/A,,,failed,"HTTP 401: {""Response"":{""status"":{""version"": ""1.0.0"",""code"": ""401"",""msg"": ""Unauthorized"",""total"": ""0"",""page"": """
25151180010000,"10501 S STATE ST, CHICAGO, IL, 60628",UNKNOWN,N/A,NONE,0,N/A,,,,,N/A,N/A,,,failed,"HTTP 401: {""Response"":{""status"":{""version"": ""1.0.0"",""code"": ""401"",""msg"": ""Unauthorized"",""total"": ""0"",""page"": """
16111280320000,"438 N AVERS AVE, CHICAGO, IL, 60624",UNKNOWN,N/A,NONE,0,N/A,,,,,N/A,N/A,,,failed,"HTTP 401: {""Response"":{""status"":{""version"": ""1.0.0"",""code"": ""401"",""msg"": ""Unauthorized"",""total"": ""0"",""page"": """
29112020560000,"14632 KENWOOD AVE, DOLTON, IL, 60419",UNKNOWN,N/A,NONE,0,N/A,,,,,N/A,N/A,,,failed,"HTTP 401: {""Response"":{""status"":{""version"": ""1.0.0"",""code"": ""401"",""msg"": ""Unauthorized"",""total"": ""0"",""page"": """
16092210380000,"540 N CICERO AVE, CHICAGO, IL, 60644",UNKNOWN,N/A,NONE,0,N/A,,,,,N/A,N/A,,,failed,"HTTP 401: {""Response"":{""status"":{""version"": ""1.0.0"",""code"": ""401"",""msg"": ""Unauthorized"",""total"": ""0"",""page"": """
16222080010000,"1301 S KOSTNER AVE, CHICAGO, IL, 60623",UNKNOWN,N/A,NONE,0,N/A,,,,,N/A,N/A,,,failed,"HTTP 401: {""Response"":{""status"":{""version"": ""1.0.0"",""code"": ""401"",""msg"": ""Unauthorized"",""total"": ""0"",""page"": """
16231140180000,"1445 S PULASKI RD, CHICAGO, IL, 60623",UNKNOWN,N/A,NONE,0,N/A,,,,,N/A,N/A,,,failed,"HTTP 401: {""Response"":{""status"":{""version"": ""1.0.0"",""code"": ""401"",""msg"": ""Unauthorized"",""total"": ""0"",""page"": """
20193360470000,"2001 W 70TH ST, CHICAGO, IL, 60636",UNKNOWN,N/A,NONE,0,N/A,,,,,N/A,N/A,,,failed,"HTTP 401: {""Response"":{""status"":{""version"": ""1.0.0"",""code"": ""401"",""msg"": ""Unauthorized"",""total"": ""0"",""page"": """
16111010440000,"3904 W HURON ST, CHICAGO, IL, 60624",UNKNOWN,N/A,NONE,0,N/A,,,,,N/A,N/A,,,failed,"HTTP 401: {""Response"":{""status"":{""version"": ""1.0.0"",""code"": ""401"",""msg"": ""Unauthorized"",""total"": ""0"",""page"": """
16164090900000,"4904 W ARTHINGTON ST, CHICAGO, IL, 60644",UNKNOWN,N/A,NONE,0,N/A,,,,,N/A,N/A,,,failed,"HTTP 401: {""Response"":{""status"":{""version"": ""1.0.0"",""code"": ""401"",""msg"": ""Unauthorized"",""total"": ""0"",""page"": """
20182250050000,"5811 S WINCHESTER AVE, CHICAGO, IL, 60636",UNKNOWN,N/A,NONE,0,N/A,,,,,N/A,N/A,,,failed,"HTTP 401: {""Response"":{""status"":{""version"": ""1.0.0"",""code"": ""401"",""msg"": ""Unauthorized"",""total"": ""0"",""page"": """
20194120170000,"6841 S WOOD ST, CHICAGO, IL, 60636",UNKNOWN,N/A,NONE,0,N/A,,,,,N/A,N/A,,,failed,"HTTP 401: {""Response"":{""status"":{""version"": ""1.0.0"",""code"": ""401"",""msg"": ""Unauthorized"",""total"": ""0"",""page"": """
25204160250000,"11708 S SANGAMON ST, CHICAGO, IL, 60643",UNKNOWN,N/A,NONE,0,N/A,,,,,N/A,N/A,,,failed,"HTTP 401: {""Response"":{""status"":{""version"": ""1.0.0"",""code"": ""401"",""msg"": ""Unauthorized"",""total"": ""0"",""page"": """
25041270300000,"9020 S PARNELL AVE, CHICAGO, IL, 60620",UNKNOWN,N/A,NONE,0,N/A,,,,,N/A,N/A,,,failed,"HTTP 401: {""Response"":{""status"":{""version"": ""1.0.0"",""code"": ""401"",""msg"": ""Unauthorized"",""total"": ""0"",""page"": """
15141030010000,"520 MADISON ST, MAYWOOD, IL, 60153",UNKNOWN,N/A,NONE,0,N/A,,,,,N/A,N/A,,,failed,"HTTP 401: {""Response"":{""status"":{""version"": ""1.0.0"",""code"": ""401"",""msg"": ""Unauthorized"",""total"": ""0"",""page"": """
29084040470000,"14701 WASHINGTON AVE, HARVEY, IL, 60426",UNKNOWN,N/A,NONE,0,N/A,,,,,N/A,N/A,,,failed,"HTTP 401: {""Response"":{""status"":{""version"": ""1.0.0"",""code"": ""401"",""msg"": ""Unauthorized"",""total"": ""0"",""page"": """
20272270510000,"542 E 75TH ST, CHICAGO, IL, 60619",UNKNOWN,N/A,NONE,0,N/A,,,,,N/A,N/A,,,failed,"HTTP 401: {""Response"":{""status"":{""version"": ""1.0.0"",""code"": ""401"",""msg"": ""Unauthorized"",""total"": ""0"",""page"": """
16222080020000,"1305 S KOSTNER AVE, CHICAGO, IL, 60623",UNKNOWN,N/A,NONE,0,N/A,,,,,N/A,N/A,,,failed,"HTTP 401: {""Response"":{""status"":{""version"": ""1.0.0"",""code"": ""401"",""msg"": ""Unauthorized"",""total"": ""0"",""page"": """
16232200190000,"1445 S SPAULDING AVE, CHICAGO, IL, 60623",UNKNOWN,N/A,NONE,0,N/A,,,,,N/A,N/A,,,failed,"HTTP 401: {""Response"":{""status"":{""version"": ""1.0.0"",""code"": ""401"",""msg"": ""Unauthorized"",""total"": ""0"",""page"": """
20193360420000,"2010 W 70TH PL, CHICAGO, IL, 60636",UNKNOWN,N/A,NONE,0,N/A,,,,,N/A,N/A,,,failed,"HTTP 401: {""Response"":{""status"":{""version"": ""1.0.0"",""code"": ""401"",""msg"": ""Unauthorized"",""total"": ""0"",""page"": """
16231230370000,"3910 W 16TH ST, CHICAGO, IL, 60623",UNKNOWN,N/A,NONE,0,N/A,,,,,N/A,N/A,,,failed,"HTTP 401: {""Response"":{""status"":{""version"": ""1.0.0"",""code"": ""401"",""msg"": ""Unauthorized"",""total"": ""0"",""page"": """
16162020570000,"4915 W MADISON ST, CHICAGO, IL, 60644",UNKNOWN,N/A,NONE,0,N/A,,,,,N/A,N/A,,,failed,"HTTP 401: {""Response"":{""status"":{""version"": ""1.0.0"",""code"": ""401"",""msg"": ""Unauthorized"",""total"": ""0"",""page"": """
20171250210000,"5816 S LAFLIN ST, CHICAGO, IL, 60636",UNKNOWN,N/A,NONE,0,N/A,,,,,N/A,N/A,,,failed,"HTTP 401: {""Response"":{""status"":{""version"": ""1.0.0"",""code"": ""401"",""msg"": ""Unauthorized"",""total"": ""0"",""page"": """
20234120390000,"6842 S DORCHESTER AVE, CHICAGO, IL, 60637",UNKNOWN,N/A,NONE,0,N/A,,,,,N/A,N/A,,,failed,"HTTP 401: {""Response"":{""status"":{""version"": ""1.0.0"",""code"": ""401"",""msg"": ""Unauthorized"",""total"": ""0"",""page"": """
25212080020000,"11225 S STEWART AVE, CHICAGO, IL, 60628",UNKNOWN,N/A,NONE,0,N/A,,,,,N/A,N/A,,,failed,"HTTP 401: {""Response"":{""status"":{""version"": ""1.0.0"",""code"": ""401"",""msg"": ""Unauthorized"",""total"": ""0"",""page"": """
16111180300000,"524 N HARDING AVE, CHICAGO, IL, 60624",UNKNOWN,N/A,NONE,0,N/A,,,,,N/A,N/A,,,failed,"HTTP 401: {""Response"":{""status"":{""version"": ""1.0.0"",""code"": ""401"",""msg"": ""Unauthorized"",""total"": ""0"",""page"": """
29112130220000,"14720 DANTE AVE, DOLTON, IL, 60419",UNKNOWN,N/A,NONE,0,N/A,,,,,N/A,N/A,,,failed,"HTTP 401: {""Response"":{""status"":{""version"": ""1.0.0"",""code"": ""401"",""msg"": ""Unauthorized"",""total"": ""0"",""page"": """
16111190290000,"542 N SPRINGFIELD AVE, CHICAGO, IL, 60624",UNKNOWN,N/A,NONE,0,N/A,,,,,N/A,N/A,,,failed,"HTTP 401: {""Response"":{""status"":{""version"": ""1.0.0"",""code"": ""401"",""msg"": ""Unauthorized"",""total"": ""0"",""page"": """
16221100410000,"1446 S KOSTNER AVE, CHICAGO, IL, 60623",UNKNOWN,N/A,NONE,0,N/A,,,,,N/A,N/A,,,failed,"HTTP 401: {""Response"":{""status"":{""version"": ""1.0.0"",""code"": ""401"",""msg"": ""Unauthorized"",""total"": ""0"",""page"": """
20291180120000,"1305 W 72ND PL, CHICAGO, IL, 60636",UNKNOWN,N/A,NONE,0,N/A,,,,,N/A,N/A,,,failed,"HTTP 401: {""Response"":{""status"":{""version"": ""1.0.0"",""code"": ""401"",""msg"": ""Unauthorized"",""total"": ""0"",""page"": """
16023260380000,"3914 W CHICAGO AVE, CHICAGO, IL, 60651",UNKNOWN,N/A,NONE,0,N/A,,,,,N/A,N/A,,,failed,"HTTP 401: {""Response"":{""status"":{""version"": ""1.0.0"",""code"": ""401"",""msg"": ""Unauthorized"",""total"": ""0"",""page"": """
16162050030000,"4939 W MONROE ST, CHICAGO, IL, 60644",UNKNOWN,N/A,NONE,0,N/A,,,,,N/A,N/A,,,failed,"HTTP 401: {""Response"":{""status"":{""version"": ""1.0.0"",""code"": ""401"",""msg"": ""Unauthorized"",""total"": ""0"",""page"": """
20193160370000,"2018 W 68TH PL, CHICAGO, IL, 60636",UNKNOWN,N/A,NONE,0,N/A,,,,,N/A,N/A,,,failed,"HTTP 401: {""Response"":{""status"":{""version"": ""1.0.0"",""code"": ""401"",""msg"": ""Unauthorized"",""total"": ""0"",""page"": """
20213060310000,"6844 S EMERALD AVE, CHICAGO, IL, 60621",UNKNOWN,N/A,NONE,0,N/A,,,,,N/A,N/A,,,failed,"HTTP 401: {""Response"":{""status"":{""version"": ""1.0.0"",""code"": ""401"",""msg"": ""Unauthorized"",""total"": ""0"",""page"": """
20172260080000,"5819 S ABERDEEN ST, CHICAGO, IL, 60621",UNKNOWN,N/A,NONE,0,N/A,,,,,N/A,N/A,,,failed,"HTTP 401: {""Response"":{""status"":{""version"": ""1.0.0"",""code"": ""401"",""msg"": ""Unauthorized"",""total"": ""0"",""page"": """
21313120240000,"8410 S SAGINAW AVE, CHICAGO, IL, 60617",UNKNOWN,N/A,NONE,0,N/A,,,,,N/A,N/A,,,failed,"HTTP 401: {""Response"":{""status"":{""version"": ""1.0.0"",""code"": ""401"",""msg"": ""Unauthorized"",""total"": ""0"",""page"": """
30182250310000,"790 BUFFALO AVE, CALUMET CITY, IL, 60409",UNKNOWN,N/A,NONE,0,N/A,,,,,N/A,N/A,,,failed,"HTTP 401: {""Response"":{""status"":{""version"": ""1.0.0"",""code"": ""401"",""msg"": ""Unauthorized"",""total"": ""0"",""page"": """
29041060360000,"13906 S ATLANTIC ST, RIVERDALE, IL, 60827",UNKNOWN,N/A,NONE,0,N/A,,,,,N/A,N/A,,,failed,"HTTP 401: {""Response"":{""status"":{""version"": ""1.0.0"",""code"": ""401"",""msg"": ""Unauthorized"",""total"": ""0"",""page"": """
29092030520000,"14722 EDBROOKE AVE, DOLTON, IL, 60419",UNKNOWN,N/A,NONE,0,N/A,,,,,N/A,N/A,,,failed,"HTTP 401: {""Response"":{""status"":{""version"": ""1.0.0"",""code"": ""401"",""msg"": ""Unauthorized"",""total"": ""0"",""page"": """
16112220020000,"543 N SPAULDING AVE, CHICAGO, IL, 60624",UNKNOWN,N/A,NONE,0,N/A,,,,,N/A,N/A,,,failed,"HTTP 401: {""Response"":{""status"":{""version"": ""1.0.0"",""code"": ""401"",""msg"": ""Unauthorized"",""total"": ""0"",""page"": """
16222110250000,"1306 S KEELER AVE, CHICAGO, IL, 60623",UNKNOWN,N/A,NONE,0,N/A,,,,,N/A,N/A,,,failed,"HTTP 401: {""Response"":{""status"":{""version"": ""1.0.0"",""code"": ""401"",""msg"": ""Unauthorized"",""total"": ""0"",""page"": """
16231140190000,"1447 S PULASKI RD, CHICAGO, IL, 60623",UNKNOWN,N/A,NONE,0,N/A,,,,,N/A,N/A,,,failed,"HTTP 401: {""Response"":{""status"":{""version"": ""1.0.0"",""code"": ""401"",""msg"": ""Unauthorized"",""total"": ""0"",""page"": """
20193160350000,"2022 W 68TH PL, CHICAGO, IL, 60636",UNKNOWN,N/A,NONE,0,N/A,,,,,N/A,N/A,,,failed,"HTTP 401: {""Response"":{""status"":{""version"": ""1.0.0"",""code"": ""401"",""msg"": ""Unauthorized"",""total"": ""0"",""page"": """
16023260360000,"3920 W CHICAGO AVE, CHICAGO, IL, 60651",UNKNOWN,N/A,NONE,0,N/A,,,,,N/A,N/A,,,failed,"HTTP 401: {""Response"":{""status"":{""version"": ""1.0.0"",""code"": ""401"",""msg"": ""Unauthorized"",""total"": ""0"",""page"": """
16162200380000,"4940 W CONGRESS PKY, CHICAGO, IL, 60644",UNKNOWN,N/A,NONE,0,N/A,,,,,N/A,N/A,,,failed,"HTTP 401: {""Response"":{""status"":{""version"": ""1.0.0"",""code"": ""401"",""msg"": ""Unauthorized"",""total"": ""0"",""page"": """
20172270080000,"5819 S CARPENTER ST, CHICAGO, IL, 60621",UNKNOWN,N/A,NONE,0,N/A,,,,,N/A,N/A,,,failed,"HTTP 401: {""Response"":{""status"":{""version"": ""1.0.0"",""code"": ""401"",""msg"": ""Unauthorized"",""total"": ""0"",""page"": """
20194080460000,"6845 S DAMEN AVE, CHICAGO, IL, 60636",UNKNOWN,N/A,NONE,0,N/A,,,,,N/A,N/A,,,failed,"HTTP 401: {""Response"":{""status"":{""version"": ""1.0.0"",""code"": ""401"",""msg"": ""Unauthorized"",""total"": ""0"",""page"": """
25153170280000,"10928 S MICHIGAN AVE, CHICAGO, IL, 60628",UNKNOWN,N/A,NONE,0,N/A,,,,,N/A,N/A,,,failed,"HTTP 401: {""Response"":{""status"":{""version"": ""1.0.0"",""code"": ""401"",""msg"": ""Unauthorized"",""total"": ""0"",""page"": """
29111180230000,"14753 LINCOLN AVE, DOLTON, IL, 60419",UNKNOWN,N/A,NONE,0,N/A,,,,,N/A,N/A,,,failed,"HTTP 401: {""Response"":{""status"":{""version"": ""1.0.0"",""code"": ""401"",""msg"": ""Unauthorized"",""total"": ""0"",""page"": """
15102350020000,"914 ST CHARLES RD, MAYWOOD, IL, 60153",UNKNOWN,N/A,NONE,0,N/A,,,,,N/A,N/A,,,failed,"HTTP 401: {""Response"":{""status"":{""version"": ""1.0.0"",""code"": ""401"",""msg"": ""Unauthorized"",""total"": ""0"",""page"": """
20272270520000,"544 E 75TH ST, CHICAGO, IL, 60619",UNKNOWN,N/A,NONE,0,N/A,,,,,N/A,N/A,,,failed,"HTTP 401: {""Response"":{""status"":{""version"": ""1.0.0"",""code"": ""401"",""msg"": ""Unauthorized"",""total"": ""0"",""page"": """
16222100230000,"1310 S TRIPP AVE, CHICAGO, IL, 60623",UNKNOWN,N/A,NONE,0,N/A,,,,,N/A,N/A,,,failed,"HTTP 401: {""Response"":{""status"":{""version"": ""1.0.0"",""code"": ""401"",""msg"": ""Unauthorized"",""total"": ""0"",""page"": """
16222160310000,"1448 S KOLIN AVE, CHICAGO, IL, 60623",UNKNOWN,N/A,NONE,0,N/A,,,,,N/A,N/A,,,failed,"HTTP 401: {""Response"":{""status"":{""version"": ""1.0.0"",""code"": ""401"",""msg"": ""Unauthorized"",""total"": ""0"",""page"": """
16111090290000,"3934 W ONTARIO ST, CHICAGO, IL, 60624",UNKNOWN,N/A,NONE,0,N/A,,,,,N/A,N/A,,,failed,"HTTP 401: {""Response"":{""status"":{""version"": ""1.0.0"",""code"": ""401"",""msg"": ""Unauthorized"",""total"": ""0"",""page"": """
20193060370000,"2024 W 67TH PL, CHICAGO, IL, 60636",UNKNOWN,N/A,NONE,0,N/A,,,,,N/A,N/A,,,failed,"HTTP 401: {""Response"":{""status"":{""version"": ""1.0.0"",""code"": ""401"",""msg"": ""Unauthorized"",""total"": ""0"",""page"": """
16162200030000,"4943 W VAN BUREN ST, CHICAGO, IL, 60644",UNKNOWN,N/A,NONE,0,N/A,,,,,N/A,N/A,,,failed,"HTTP 401: {""Response"":{""status"":{""version"": ""1.0.0"",""code"": ""401"",""msg"": ""Unauthorized"",""total"": ""0"",""page"": """
20182260180000,"5822 S HONORE ST, CHICAGO, IL, 60636",UNKNOWN,N/A,NONE,0,N/A,,,,,N/A,N/A,,,failed,"HTTP 401: {""Response"":{""status"":{""version"": ""1.0.0"",""code"": ""401"",""msg"": ""Unauthorized"",""total"": ""0"",""page"": """
20224140270000,"6936 S VERNON AVE, CHICAGO, IL, 60637",UNKNOWN,N/A,NONE,0,N/A,,,,,N/A,N/A,,,failed,"HTTP 401: {""Response"":{""status"":{""version"": ""1.0.0"",""code"": ""401"",""msg"": ""Unauthorized"",""total"": ""0"",""page"": """
20162060350000,"5627 S PERRY AVE 1ST, CHICAGO, IL, 60621",UNKNOWN,N/A,NONE,0,N/A,,,,,N/A,N/A,,,failed,"HTTP 401: {""Response"":{""status"":{""version"": ""1.0.0"",""code"": ""401"",""msg"": ""Unauthorized"",""total"": ""0"",""page"": """
25281140230000,"12014 S EGGLESTON AVE, CHICAGO, IL, 60628",UNKNOWN,N/A,NONE,0,N/A,,,,,N/A,N/A,,,failed,"HTTP 401: {""Response"":{""status"":{""version"": ""1.0.0"",""code"": ""401"",""msg"": ""Unauthorized"",""total"": ""0"",""page"": """
25162130360000,"10506 S LASALLE ST, CHICAGO, IL, 60628",UNKNOWN,N/A,NONE,0,N/A,,,,,N/A,N/A,,,failed,"HTTP 401: {""Response"":{""status"":{""version"": ""1.0.0"",""code"": ""401"",""msg"": ""Unauthorized"",""total"": ""0"",""page"": """
29111210040000,"14768 LINCOLN AVE, DOLTON, IL, 60419",UNKNOWN,N/A,NONE,0,N/A,,,,,N/A,N/A,,,failed,"HTTP 401: {""Response"":{""status"":{""version"": ""1.0.0"",""code"": ""401"",""msg"": ""Unauthorized"",""total"": ""0"",""page"": """
16111180060000,"545 N PULASKI RD, CHICAGO, IL, 60624",UNKNOWN,N/A,NONE,0,N/A,,,,,N/A,N/A,,,failed,"HTTP 401: {""Response"":{""status"":{""version"": ""1.0.0"",""code"": ""401"",""msg"": ""Unauthorized"",""total"": ""0"",""page"": """
15102350010000,"916 ST CHARLES RD, MAYWOOD, IL, 60153",UNKNOWN,N/A,NONE,0,N/A,,,,,N/A,N/A,,,failed,"HTTP 401: {""Response"":{""status"":{""version"": ""1.0.0"",""code"": ""401"",""msg"": ""Unauthorized"",""total"": ""0"",""page"": """
16222220190000,"1449 S KOMENSKY AVE, CHICAGO, IL, 60623",UNKNOWN,N/A,NONE,0,N/A,,,,,N/A,N/A,,,failed,"HTTP 401: {""Response"":{""status"":{""version"": ""1.0.0"",""code"": ""401"",""msg"": ""Unauthorized"",""total"": ""0"",""page"": """
16231080050000,"1315 S HARDING AVE, CHICAGO, IL, 60623",UNKNOWN,N/A,NONE,0,N/A,,,,,N/A,N/A,,,failed,"HTTP 401: {""Response"":{""status"":{""version"": ""1.0.0"",""code"": ""401"",""msg"": ""Unauthorized"",""total"": ""0"",""page"": """
20193360340000,"2030 W 70TH PL, CHICAGO, IL, 60636",UNKNOWN,N/A,NONE,0,N/A,,,,,N/A,N/A,,,failed,"HTTP 401: {""Response"":{""status"":{""version"": ""1.0.0"",""code"": ""401"",""msg"": ""Unauthorized"",""total"": ""0"",""page"": """
16111090280000,"3936 W ONTARIO ST, CHICAGO, IL, 60624",UNKNOWN,N/A,NONE,0,N/A,,,,,N/A,N/A,,,failed,"HTTP 401: {""Response"":{""status"":{""version"": ""1.0.0"",""code"": ""401"",""msg"": ""Unauthorized"",""total"": ""0"",""page"": """
20082150290000,"5016 S ABERDEEN ST, CHICAGO, IL, 60609",UNKNOWN,N/A,NONE,0,N/A,,,,,N/A,N/A,,,failed,"HTTP 401: {""Response"":{""status"":{""version"": ""1.0.0"",""code"": ""401"",""msg"": ""Unauthorized"",""total"": ""0"",""page"": """
20194190620000,"6959 S HONORE ST, CHICAGO, IL, 60636",UNKNOWN,N/A,NONE,0,N/A,,,,,N/A,N/A,,,failed,"HTTP 401: {""Response"":{""status"":{""version"": ""1.0.0"",""code"": ""401"",""msg"": ""Unauthorized"",""total"": ""0"",""page"": """
20162210220000,"5831 S LAFAYETTE AVE, CHICAGO, IL, 60621",UNKNOWN,N/A,NONE,0,N/A,,,,,N/A,N/A,,,failed,"HTTP 401: {""Response"":{""status"":{""version"": ""1.0.0"",""code"": ""401"",""msg"": ""Unauthorized"",""total"": ""0"",""page"": """
25223150180000,"11718 S PRAIRIE AVE, CHICAGO, IL, 60628",UNKNOWN,N/A,NONE,0,N/A,,,,,N/A,N/A,,,failed,"HTTP 401: {""Response"":{""status"":{""version"": ""1.0.0"",""code"": ""401"",""msg"": ""Unauthorized"",""total"": ""0"",""page"": """
25021170290000,"9030 S UNIVERSITY AVE, CHICAGO, IL, 60619",UNKNOWN,N/A,NONE,0,N/A,,,,,N/A,N/A,,,failed,"HTTP 401: {""Response"":{""status"":{""version"": ""1.0.0"",""code"": ""401"",""msg"": ""Unauthorized"",""total"": ""0"",""page"": """
31212030020000,"940 LAKE SUPERIOR DR, MATTESON, IL, 60443",UNKNOWN,N/A,NONE,0,N/A,,,,,N/A,N/A,,,failed,"HTTP 401: {""Response"":{""status"":{""version"": ""1.0.0"",""code"": ""401"",""msg"": ""Unauthorized"",""total"": ""0"",""page"": """
29102310150000,"14900 LANGLEY AVE, DOLTON, IL, 60419",UNKNOWN,N/A,NONE,0,N/A,,,,,N/A,N/A,,,failed,"HTTP 401: {""Response"":{""status"":{""version"": ""1.0.0"",""code"": ""401"",""msg"": ""Unauthorized"",""total"": ""0"",""page"": """
16111180050000,"547 N PULASKI RD, CHICAGO, IL, 60624",UNKNOWN,N/A,NONE,0,N/A,,,,,N/A,N/A,,,failed,"HTTP 401: {""Response"":{""status"":{""version"": ""1.0.0"",""code"": ""401"",""msg"": ""Unauthorized"",""total"": ""0"",""page"": """
16222090080000,"1319 S KOLIN AVE, CHICAGO, IL, 60623",UNKNOWN,N/A,NONE,0,N/A,,,,,N/A,N/A,,,failed,"HTTP 401: {""Response"":{""status"":{""version"": ""1.0.0"",""code"": ""401"",""msg"": ""Unauthorized"",""total"": ""0"",""page"": """
16231140200000,"1449 S PULASKI RD, CHICAGO, IL, 60623",UNKNOWN,N/A,NONE,0,N/A,,,,,N/A,N/A,,,failed,"HTTP 401: {""Response"":{""status"":{""version"": ""1.0.0"",""code"": ""401"",""msg"": ""Unauthorized"",""total"": ""0"",""page"": """
20193200110000,"2033 W 68TH PL, CHICAGO, IL, 60636",UNKNOWN,N/A,NONE,0,N/A,,,,,N/A,N/A,,,failed,"HTTP 401: {""Response"":{""status"":{""version"": ""1.0.0"",""code"": ""401"",""msg"": ""Unauthorized"",""total"": ""0"",""page"": """
16111090140000,"3937 W ERIE ST, CHICAGO, IL, 60624",UNKNOWN,N/A,NONE,0,N/A,,,,,N/A,N/A,,,failed,"HTTP 401: {""Response"":{""status"":{""version"": ""1.0.0"",""code"": ""401"",""msg"": ""Unauthorized"",""total"": ""0"",""page"": """
20091120430000,"5018 S UNION AVE, CHICAGO, IL, 60609",UNKNOWN,N/A,NONE,0,N/A,,,,,N/A,N/A,,,failed,"HTTP 401: {""Response"":{""status"":{""version"": ""1.0.0"",""code"": ""401"",""msg"": ""Unauthorized"",""total"": ""0"",""page"": """
20184030060000,"1813 W 59TH ST 1, CHICAGO, IL, 60636",UNKNOWN,N/A,NONE,0,N/A,,,,,N/A,N/A,,,failed,"HTTP 401: {""Response"":{""status"":{""version"": ""1.0.0"",""code"": ""401"",""msg"": ""Unauthorized"",""total"": ""0"",""page"": """
20234230210000,"7008 S HARPER AVE, CHICAGO, IL, 60637",UNKNOWN,N/A,NONE,0,N/A,,,,,N/A,N/A,,,failed,"HTTP 401: {""Response"":{""status"":{""version"": ""1.0.0"",""code"": ""401"",""msg"": ""Unauthorized"",""total"": ""0"",""page"": """
20162210230000,"5833 S LAFAYETTE AVE, CHICAGO, IL, 60621",UNKNOWN,N/A,NONE,0,N/A,,,,,N/A,N/A,,,failed,"HTTP 401: {""Response"":{""status"":{""version"": ""1.0.0"",""code"": ""401"",""msg"": ""Unauthorized"",""total"": ""0"",""page"": """
25211150300000,"11240 S STEWART AVE, CHICAGO, IL, 60628",UNKNOWN,N/A,NONE,0,N/A,,,,,N/A,N/A,,,failed,"HTTP 401: {""Response"":{""status"":{""version"": ""1.0.0"",""code"": ""401"",""msg"": ""Unauthorized"",""total"": ""0"",""page"": """
30192190120000,"1230 BALMORAL AVE, CALUMET CITY, IL, 60409",UNKNOWN,N/A,NONE,0,N/A,,,,,N/A,N/A,,,failed,"HTTP 401: {""Response"":{""status"":{""version"": ""1.0.0"",""code"": ""401"",""msg"": ""Unauthorized"",""total"": ""0"",""page"": """
16222090090000,"1321 S KOLIN AVE, CHICAGO, IL, 60623",UNKNOWN,N/A,NONE,0,N/A,,,,,N/A,N/A,,,failed,"HTTP 401: {""Response"":{""status"":{""version"": ""1.0.0"",""code"": ""401"",""msg"": ""Unauthorized"",""total"": ""0"",""page"": """
29102330520000,"14906 COTTAGE GROVE AVE, DOLTON, IL, 60419",UNKNOWN,N/A,NONE,0,N/A,,,,,N/A,N/A,,,failed,"HTTP 401: {""Response"":{""status"":{""version"": ""1.0.0"",""code"": ""401"",""msg"": ""Unauthorized"",""total"": ""0"",""page"": """
20163220030000,"547 W 62ND ST, CHICAGO, IL, 60621",UNKNOWN,N/A,NONE,0,N/A,,,,,N/A,N/A,,,failed,"HTTP 401: {""Response"":{""status"":{""version"": ""1.0.0"",""code"": ""401"",""msg"": ""Unauthorized"",""total"": ""0"",""page"": """
16222220200000,"1451 S KOMENSKY AVE, CHICAGO, IL, 60623",UNKNOWN,N/A,NONE,0,N/A,,,,,N/A,N/A,,,failed,"HTTP 401: {""Response"":{""status"":{""version"": ""1.0.0"",""code"": ""401"",""msg"": ""Unauthorized"",""total"": ""0"",""page"": """
20193160270000,"2046 W 68TH PL, CHICAGO, IL, 60636",UNKNOWN,N/A,NONE,0,N/A,,,,,N/A,N/A,,,failed,"HTTP 401: {""Response"":{""status"":{""version"": ""1.0.0"",""code"": ""401"",""msg"": ""Unauthorized"",""total"": ""0"",""page"": """
16111090270000,"3938 W ONTARIO ST, CHICAGO, IL, 60624",UNKNOWN,N/A,NONE,0,N/A,,,,,N/A,N/A,,,failed,"HTTP 401: {""Response"":{""status"":{""version"": ""1.0.0"",""code"": ""401"",""msg"": ""Unauthorized"",""total"": ""0"",""page"": """
20161200220000,"5836 S EMERALD AVE, CHICAGO, IL, 60621",UNKNOWN,N/A,NONE,0,N/A,,,,,N/A,N/A,,,failed,"HTTP 401: {""Response"":{""status"":{""version"": ""1.0.0"",""code"": ""401"",""msg"": ""Unauthorized"",""total"": ""0"",""page"": """
16094150040000,"5047 W MAYPOLE AVE, CHICAGO, IL, 60644",UNKNOWN,N/A,NONE,0,N/A,,,,,N/A,N/A,,,failed,"HTTP 401: {""Response"":{""status"":{""version"": ""1.0.0"",""code"": ""401"",""msg"": ""Unauthorized"",""total"": ""0"",""page"": """
20194240070000,"7017 S DAMEN AVE, CHICAGO, IL, 60636",UNKNOWN,N/A,NONE,0,N/A,,,,,N/A,N/A,,,failed,"HTTP 401: {""Response"":{""status"":{""version"": ""1.0.0"",""code"": ""401"",""msg"": ""Unauthorized"",""total"": ""0"",""page"": """
21313110050000,"8415 S KINGSTON AVE, CHICAGO, IL, 60617",UNKNOWN,N/A,NONE,0,N/A,,,,,N/A,N/A,,,failed,"HTTP 401: {""Response"":{""status"":{""version"": ""1.0.0"",""code"": ""401"",""msg"": ""Unauthorized"",""total"": ""0"",""page"": """
29084220180000,"15025 CENTER AVE, HARVEY, IL, 60426",UNKNOWN,N/A,NONE,0,N/A,,,,,N/A,N/A,,,failed,"HTTP 401: {""Response"":{""status"":{""version"": ""1.0.0"",""code"": ""401"",""msg"": ""Unauthorized"",""total"": ""0"",""page"": """
29042130460000,"13922 S MICHIGAN AVE, RIVERDALE, IL, 60827",UNKNOWN,N/A,NONE,0,N/A,,,,,N/A,N/A,,,failed,"HTTP 401: {""Response"":{""status"":{""version"": ""1.0.0"",""code"": ""401"",""msg"": ""Unauthorized"",""total"": ""0"",""page"": """
30192200040000,"1231 BALMORAL AVE, CALUMET CITY, IL, 60409",UNKNOWN,N/A,NONE,0,N/A,,,,,N/A,N/A,,,failed,"HTTP 401: {""Response"":{""status"":{""version"": ""1.0.0"",""code"": ""401"",""msg"": ""Unauthorized"",""total"": ""0"",""page"": """
16222140310000,"1322 S KOMENSKY AVE, CHICAGO, IL, 60623",UNKNOWN,N/A,NONE,0,N/A,,,,,N/A,N/A,,,failed,"HTTP 401: {""Response"":{""status"":{""version"": ""1.0.0"",""code"": ""401"",""msg"": ""Unauthorized"",""total"": ""0"",""page"": """
20272270530000,"548 E 75TH ST, CHICAGO, IL, 60619",UNKNOWN,N/A,NONE,0,N/A,,,,,N/A,N/A,,,failed,"HTTP 401: {""Response"":{""status"":{""version"": ""1.0.0"",""code"": ""401"",""msg"": ""Unauthorized"",""total"": ""0"",""page"": """
16234260140000,"2100 S SPAULDING AVE, CHICAGO, IL, 60623",UNKNOWN,N/A,NONE,0,N/A,,,,,N/A,N/A,,,failed,"HTTP 401: {""Response"":{""status"":{""version"": ""1.0.0"",""code"": ""401"",""msg"": ""Unauthorized"",""total"": ""0"",""page"": """
16143190050000,"3940 W FILLMORE ST, CHICAGO, IL, 60624",UNKNOWN,N/A,NONE,0,N/A,,,,,N/A,N/A,,,failed,"HTTP 401: {""Response"":{""status"":{""version"": ""1.0.0"",""code"": ""401"",""msg"": ""Unauthorized"",""total"": ""0"",""page"": """
16231150400000,"1452 S SPRINGFIELD AVE, CHICAGO, IL, 60623",UNKNOWN,N/A,NONE,0,N/A,,,,,N/A,N/A,,,failed,"HTTP 401: {""Response"":{""status"":{""version"": ""1.0.0"",""code"": ""401"",""msg"": ""Unauthorized"",""total"": ""0"",""page"": """
20172290250000,"5836 S PEORIA ST, CHICAGO, IL, 60621",UNKNOWN,N/A,NONE,0,N/A,,,,,N/A,N/A,,,failed,"HTTP 401: {""Response"":{""status"":{""version"": ""1.0.0"",""code"": ""401"",""msg"": ""Unauthorized"",""total"": ""0"",""page"": """
16162010090000,"5063 W MADISON ST, CHICAGO, IL, 60644",UNKNOWN,N/A,NONE,0,N/A,,,,,N/A,N/A,,,failed,"HTTP 401: {""Response"":{""status"":{""version"": ""1.0.0"",""code"": ""401"",""msg"": ""Unauthorized"",""total"": ""0"",""page"": """
25153180130000,"10929 S MICHIGAN AVE, CHICAGO, IL, 60628",UNKNOWN,N/A,NONE,0,N/A,,,,,N/A,N/A,,,failed,"HTTP 401: {""Response"":{""status"":{""version"": ""1.0.0"",""code"": ""401"",""msg"": ""Unauthorized"",""total"": ""0"",""page"": """
20253290371012,"7858 S BENNETT AVE 208, CHICAGO, IL, 60649",UNKNOWN,N/A,NONE,0,N/A,,,,,N/A,N/A,,,failed,"HTTP 401: {""Response"":{""status"":{""version"": ""1.0.0"",""code"": ""401"",""msg"": ""Unauthorized"",""total"": ""0"",""page"": """
20214220060000,"7019 S YALE AVE, CHICAGO, IL, 60621",UNKNOWN,N/A,NONE,0,N/A,,,,,N/A,N/A,,,failed,"HTTP 401: {""Response"":{""status"":{""version"": ""1.0.0"",""code"": ""401"",""msg"": ""Unauthorized"",""total"": ""0"",""page"": """
32202120080000,"1317 VINCENNES AVE, CHICAGO HEIGHTS, IL, 60411",UNKNOWN,N/A,NONE,0,N/A,,,,,N/A,N/A,,,failed,"HTTP 401: {""Response"":{""status"":{""version"": ""1.0.0"",""code"": ""401"",""msg"": ""Unauthorized"",""total"": ""0"",""page"": """
29084220440000,"15039 CENTER AVE, HARVEY, IL, 60426",UNKNOWN,N/A,NONE,0,N/A,,,,,N/A,N/A,,,failed,"HTTP 401: {""Response"":{""status"":{""version"": ""1.0.0"",""code"": ""401"",""msg"": ""Unauthorized"",""total"": ""0"",""page"": """
20163220170000,"550 W ENGLEWOOD AVE, CHICAGO, IL, 60621",UNKNOWN,N/A,NONE,0,N/A,,,,,N/A,N/A,,,failed,"HTTP 401: {""Response"":{""status"":{""version"": ""1.0.0"",""code"": ""401"",""msg"": ""Unauthorized"",""total"": ""0"",""page"": """
16222100280000,"1322 S TRIPP AVE, CHICAGO, IL, 60623",UNKNOWN,N/A,NONE,0,N/A,,,,,N/A,N/A,,,failed,"HTTP 401: {""Response"":{""status"":{""version"": ""1.0.0"",""code"": ""401"",""msg"": ""Unauthorized"",""total"": ""0"",""page"": """
16231140220000,"1455 S PULASKI RD, CHICAGO, IL, 60623",UNKNOWN,N/A,NONE,0,N/A,,,,,N/A,N/A,,,failed,"HTTP 401: {""Response"":{""status"":{""version"": ""1.0.0"",""code"": ""401"",""msg"": ""Unauthorized"",""total"": ""0"",""page"": """
16234150480000,"2136 S DRAKE AVE, CHICAGO, IL, 60623",UNKNOWN,N/A,NONE,0,N/A,,,,,N/A,N/A,,,failed,"HTTP 401: {""Response"":{""status"":{""version"": ""1.0.0"",""code"": ""401"",""msg"": ""Unauthorized"",""total"": ""0"",""page"": """
16111100290000,"3940 W OHIO ST, CHICAGO, IL, 60624",UNKNOWN,N/A,NONE,0,N/A,,,,,N/A,N/A,,,failed,"HTTP 401: {""Response"":{""status"":{""version"": ""1.0.0"",""code"": ""401"",""msg"": ""Unauthorized"",""total"": ""0"",""page"": """
20074050010000,"5101 S HERMITAGE AVE, CHICAGO, IL, 60609",UNKNOWN,N/A,NONE,0,N/A,,,,,N/A,N/A,,,failed,"HTTP 401: {""Response"":{""status"":{""version"": ""1.0.0"",""code"": ""401"",""msg"": ""Unauthorized"",""total"": ""0"",""page"": """
20172270140000,"5841 S CARPENTER ST, CHICAGO, IL, 60621",UNKNOWN,N/A,NONE,0,N/A,,,,,N/A,N/A,,,failed,"HTTP 401: {""Response"":{""status"":{""version"": ""1.0.0"",""code"": ""401"",""msg"": ""Unauthorized"",""total"": ""0"",""page"": """
20194240340000,"7022 S WINCHESTER AVE, CHICAGO, IL, 60636",UNKNOWN,N/A,NONE,0,N/A,,,,,N/A,N/A,,,failed,"HTTP 401: {""Response"":{""status"":{""version"": ""1.0.0"",""code"": ""401"",""msg"": ""Unauthorized"",""total"": ""0"",""page"": """
25281240250000,"12200 S EMERALD AVE, CHICAGO, IL, 60628",UNKNOWN,N/A,NONE,0,N/A,,,,,N/A,N/A,,,failed,"HTTP 401: {""Response"":{""status"":{""version"": ""1.0.0"",""code"": ""401"",""msg"": ""Unauthorized"",""total"": ""0"",""page"": """
20172200330000,"5742 S SANGAMON ST 2, CHICAGO, IL, 60621",UNKNOWN,N/A,NONE,0,N/A,,,,,N/A,N/A,,,failed,"HTTP 401: {""Response"":{""status"":{""version"": ""1.0.0"",""code"": ""401"",""msg"": ""Unauthorized"",""total"": ""0"",""page"": """
25162140050000,"10515 S LASALLE ST, CHICAGO, IL, 60628",UNKNOWN,N/A,NONE,0,N/A,,,,,N/A,N/A,,,failed,"HTTP 401: {""Response"":{""status"":{""version"": ""1.0.0"",""code"": ""401"",""msg"": ""Unauthorized"",""total"": ""0"",""page"": """
16222080120000,"1331 S KOSTNER AVE, CHICAGO, IL, 60623",UNKNOWN,N/A,NONE,0,N/A,,,,,N/A,N/A,,,failed,"HTTP 401: {""Response"":{""status"":{""version"": ""1.0.0"",""code"": ""401"",""msg"": ""Unauthorized"",""total"": ""0"",""page"": """
29104090140000,"15108 OAK ST, DOLTON, IL, 60419",UNKNOWN,N/A,NONE,0,N/A,,,,,N/A,N/A,,,failed,"HTTP 401: {""Response"":{""status"":{""version"": ""1.0.0"",""code"": ""401"",""msg"": ""Unauthorized"",""total"": ""0"",""page"": """
20154050280000,"612 E 61ST ST, CHICAGO, IL, 60637",UNKNOWN,N/A,NONE,0,N/A,,,,,N/A,N/A,,,failed,"HTTP 401: {""Response"":{""status"":{""version"": ""1.0.0"",""code"": ""401"",""msg"": ""Unauthorized"",""total"": ""0"",""page"": """
16231080080000,"1323 S HARDING AVE, CHICAGO, IL, 60623",UNKNOWN,N/A,NONE,0,N/A,,,,,N/A,N/A,,,failed,"HTTP 401: {""Response"":{""status"":{""version"": ""1.0.0"",""code"": ""401"",""msg"": ""Unauthorized"",""total"": ""0"",""page"": """
16222190380000,"1456 S KEDVALE AVE, CHICAGO, IL, 60623",UNKNOWN,N/A,NONE,0,N/A,,,,,N/A,N/A,,,failed,"HTTP 401: {""Response"":{""status"":{""version"": ""1.0.0"",""code"": ""401"",""msg"": ""Unauthorized"",""total"": ""0"",""page"": """
16111100270000,"3944 W OHIO ST, CHICAGO, IL, 60624",UNKNOWN,N/A,NONE,0,N/A,,,,,N/A,N/A,,,failed,"HTTP 401: {""Response"":{""status"":{""version"": ""1.0.0"",""code"": ""401"",""msg"": ""Unauthorized"",""total"": ""0"",""page"": """
20254030330000,"2143 E 75TH ST, CHICAGO, IL, 60649",UNKNOWN,N/A,NONE,0,N/A,,,,,N/A,N/A,,,failed,"HTTP 401: {""Response"":{""status"":{""version"": ""1.0.0"",""code"": ""401"",""msg"": ""Unauthorized"",""total"": ""0"",""page"": """
16332100140000,"5128 W 32ND PL, CICERO, IL, 60804",UNKNOWN,N/A,NONE,0,N/A,,,,,N/A,N/A,,,failed,"HTTP 401: {""Response"":{""status"":{""version"": ""1.0.0"",""code"": ""401"",""msg"": ""Unauthorized"",""total"": ""0"",""page"": """
20184050280000,"5916 S PAULINA ST, CHICAGO, IL, 60636",UNKNOWN,N/A,NONE,0,N/A,,,,,N/A,N/A,,,failed,"HTTP 401: {""Response"":{""status"":{""version"": ""1.0.0"",""code"": ""401"",""msg"": ""Unauthorized"",""total"": ""0"",""page"": """
20194290120000,"7031 S HERMITAGE AVE, CHICAGO, IL, 60636",UNKNOWN,N/A,NONE,0,N/A,,,,,N/A,N/A,,,failed,"HTTP 401: {""Response"":{""status"":{""version"": ""1.0.0"",""code"": ""401"",""msg"": ""Unauthorized"",""total"": ""0"",""page"": """
25214190100000,"11725 S LASALLE ST, CHICAGO, IL, 60628",UNKNOWN,N/A,NONE,0,N/A,,,,,N/A,N/A,,,failed,"HTTP 401: {""Response"":{""status"":{""version"": ""1.0.0"",""code"": ""401"",""msg"": ""Unauthorized"",""total"": ""0"",""page"": """
30192190400000,"1352 BALMORAL AVE, CALUMET CITY, IL, 60409",UNKNOWN,N/A,NONE,0,N/A,,,,,N/A,N/A,,,failed,"HTTP 401: {""Response"":{""status"":{""version"": ""1.0.0"",""code"": ""401"",""msg"": ""Unauthorized"",""total"": ""0"",""page"": """
29103080290000,"15134 BEACHVIEW TER, DOLTON, IL, 60419",UNKNOWN,N/A,NONE,0,N/A,,,,,N/A,N/A,,,failed,"HTTP 401: {""Response"":{""status"":{""version"": ""1.0.0"",""code"": ""401"",""msg"": ""Unauthorized"",""total"": ""0"",""page"": """
16111120240000,"613 N SPRINGFIELD AVE, CHICAGO, IL, 60624",UNKNOWN,N/A,NONE,0,N/A,,,,,N/A,N/A,,,failed,"HTTP 401: {""Response"":{""status"":{""version"": ""1.0.0"",""code"": ""401"",""msg"": ""Unauthorized"",""total"": ""0"",""page"": """
16231080090000,"1327 S HARDING AVE, CHICAGO, IL, 60623",UNKNOWN,N/A,NONE,0,N/A,,,,,N/A,N/A,,,failed,"HTTP 401: {""Response"":{""status"":{""version"": ""1.0.0"",""code"": ""401"",""msg"": ""Unauthorized"",""total"": ""0"",""page"": """
16222290020000,"1503 S KARLOV AVE, CHICAGO, IL, 60623",UNKNOWN,N/A,NONE,0,N/A,,,,,N/A,N/A,,,failed,"HTTP 401: {""Response"":{""status"":{""version"": ""1.0.0"",""code"": ""401"",""msg"": ""Unauthorized"",""total"": ""0"",""page"": """
16261020220000,"2243 S SPRINGFIELD AVE, CHICAGO, IL, 60623",UNKNOWN,N/A,NONE,0,N/A,,,,,N/A,N/A,,,failed,"HTTP 401: {""Response"":{""status"":{""version"": ""1.0.0"",""code"": ""401"",""msg"": ""Unauthorized"",""total"": ""0"",""page"": """
16111100110000,"3945 W ONTARIO ST, CHICAGO, IL, 60624",UNKNOWN,N/A,NONE,0,N/A,,,,,N/A,N/A,,,failed,"HTTP 401: {""Response"":{""status"":{""version"": ""1.0.0"",""code"": ""401"",""msg"": ""Unauthorized"",""total"": ""0"",""page"": """
20074050170000,"5149 S HERMITAGE AVE, CHICAGO, IL, 60609",UNKNOWN,N/A,NONE,0,N/A,,,,,N/A,N/A,,,failed,"HTTP 401: {""Response"":{""status"":{""version"": ""1.0.0"",""code"": ""401"",""msg"": ""Unauthorized"",""total"": ""0"",""page"": """
20164000360000,"5924 S PRINCETON AVE, CHICAGO, IL, 60621",UNKNOWN,N/A,NONE,0,N/A,,,,,N/A,N/A,,,failed,"HTTP 401: {""Response"":{""status"":{""version"": ""1.0.0"",""code"": ""401"",""msg"": ""Unauthorized"",""total"": ""0"",""page"": """
16234080080000,"1823 S DRAKE AVE 2, CHICAGO, IL, 60623",UNKNOWN,N/A,NONE,0,N/A,,,,,N/A,N/A,,,failed,"HTTP 401: {""Response"":{""status"":{""version"": ""1.0.0"",""code"": ""401"",""msg"": ""Unauthorized"",""total"": ""0"",""page"": """
20213260290000,"7038 S NORMAL BLVD, CHICAGO, IL, 60621",UNKNOWN,N/A,NONE,0,N/A,,,,,N/A,N/A,,,failed,"HTTP 401: {""Response"":{""status"":{""version"": ""1.0.0"",""code"": ""401"",""msg"": ""Unauthorized"",""total"": ""0"",""page"": """
25221080140000,"11247 S EDBROOKE AVE, CHICAGO, IL, 60628",UNKNOWN,N/A,NONE,0,N/A,,,,,N/A,N/A,,,failed,"HTTP 401: {""Response"":{""status"":{""version"": ""1.0.0"",""code"": ""401"",""msg"": ""Unauthorized"",""total"": ""0"",""page"": """
30201180140000,"1405 STANLEY BLVD, CALUMET CITY, IL, 60409",UNKNOWN,N/A,NONE,0,N/A,,,,,N/A,N/A,,,failed,"HTTP 401: {""Response"":{""status"":{""version"": ""1.0.0"",""code"": ""401"",""msg"": ""Unauthorized"",""total"": ""0"",""page"": """
29103040860000,"15300 WOODLAWN WEST AVE, SOUTH HOLLAND, IL, 60473",UNKNOWN,N/A,NONE,0,N/A,,,,,N/A,N/A,,,failed,"HTTP 401: {""Response"":{""status"":{""version"": ""1.0.0"",""code"": ""401"",""msg"": ""Unauthorized"",""total"": ""0"",""page"": """
16222110330000,"1328 S KEELER AVE, CHICAGO, IL, 60623",UNKNOWN,N/A,NONE,0,N/A,,,,,N/A,N/A,,,failed,"HTTP 401: {""Response"":{""status"":{""version"": ""1.0.0"",""code"": ""401"",""msg"": ""Unauthorized"",""total"": ""0"",""page"": """
16111150100000,"617 N RIDGEWAY AVE, CHICAGO, IL, 60624",UNKNOWN,N/A,NONE,0,N/A,,,,,N/A,N/A,,,failed,"HTTP 401: {""Response"":{""status"":{""version"": ""1.0.0"",""code"": ""401"",""msg"": ""Unauthorized"",""total"": ""0"",""page"": """
25203010070000,"1509 W 115TH ST, CHICAGO, IL, 60643",UNKNOWN,N/A,NONE,0,N/A,,,,,N/A,N/A,,,failed,"HTTP 401: {""Response"":{""status"":{""version"": ""1.0.0"",""code"": ""401"",""msg"": ""Unauthorized"",""total"": ""0"",""page"": """
20254290350000,"2310 E 79TH ST, CHICAGO, IL, 60649",UNKNOWN,N/A,NONE,0,N/A,,,,,N/A,N/A,,,failed,"HTTP 401: {""Response"":{""status"":{""version"": ""1.0.0"",""code"": ""401"",""msg"": ""Unauthorized"",""total"": ""0"",""page"": """
16111090220000,"3948 W ONTARIO ST, CHICAGO, IL, 60624",UNKNOWN,N/A,NONE,0,N/A,,,,,N/A,N/A,,,failed,"HTTP 401: {""Response"":{""status"":{""version"": ""1.0.0"",""code"": ""401"",""msg"": ""Unauthorized"",""total"": ""0"",""page"": """
20173010390000,"5940 S LAFLIN ST, CHICAGO, IL, 60636",UNKNOWN,N/A,NONE,0,N/A,,,,,N/A,N/A,,,failed,"HTTP 401: {""Response"":{""status"":{""version"": ""1.0.0"",""code"": ""401"",""msg"": ""Unauthorized"",""total"": ""0"",""page"": """
20084110350000,"5230 S MORGAN ST, CHICAGO, IL, 60609",UNKNOWN,N/A,NONE,0,N/A,,,,,N/A,N/A,,,failed,"HTTP 401: {""Response"":{""status"":{""version"": ""1.0.0"",""code"": ""401"",""msg"": ""Unauthorized"",""total"": ""0"",""page"": """
20203250170000,"7043 S JUSTINE ST, CHICAGO, IL, 60636",UNKNOWN,N/A,NONE,0,N/A,,,,,N/A,N/A,,,failed,"HTTP 401: {""Response"":{""status"":{""version"": ""1.0.0"",""code"": ""401"",""msg"": ""Unauthorized"",""total"": ""0"",""page"": """
20333060340000,"8422 S KERFOOT AVE, CHICAGO, IL, 60620",UNKNOWN,N/A,NONE,0,N/A,,,,,N/A,N/A,,,failed,"HTTP 401: {""Response"":{""status"":{""version"": ""1.0.0"",""code"": ""401"",""msg"": ""Unauthorized"",""total"": ""0"",""page"": """
29041060320000,"13942 S ATLANTIC ST, RIVERDALE, IL, 60827",UNKNOWN,N/A,NONE,0,N/A,,,,,N/A,N/A,,,failed,"HTTP 401: {""Response"":{""status"":{""version"": ""1.0.0"",""code"": ""401"",""msg"": ""Unauthorized"",""total"": ""0"",""page"": """
29103120130000,"15314 WOODLAWN WEST AVE, SOUTH HOLLAND, IL, 60473",UNKNOWN,N/A,NONE,0,N/A,,,,,N/A,N/A,,,failed,"HTTP 401: {""Response"":{""status"":{""version"": ""1.0.0"",""code"": ""401"",""msg"": ""Unauthorized"",""total"": ""0"",""page"": """
16221100270000,"1412 S KOSTNER AVE, CHICAGO, IL, 60623",UNKNOWN,N/A,NONE,0,N/A,,,,,N/A,N/A,,,failed,"HTTP 401: {""Response"":{""status"":{""version"": ""1.0.0"",""code"": ""401"",""msg"": ""Unauthorized"",""total"": ""0"",""page"": """
20163090390000,"618 W 61ST ST, CHICAGO, IL, 60621",UNKNOWN,N/A,NONE,0,N/A,,,,,N/A,N/A,,,failed,"HTTP 401: {""Response"":{""status"":{""version"": ""1.0.0"",""code"": ""401"",""msg"": ""Unauthorized"",""total"": ""0"",""page"": """
16222080130000,"1333 S KOSTNER AVE, CHICAGO, IL, 60623",UNKNOWN,N/A,NONE,0,N/A,,,,,N/A,N/A,,,failed,"HTTP 401: {""Response"":{""status"":{""version"": ""1.0.0"",""code"": ""401"",""msg"": ""Unauthorized"",""total"": ""0"",""page"": """
16222240240000,"1518 S KILDARE AVE, CHICAGO, IL, 60623",UNKNOWN,N/A,NONE,0,N/A,,,,,N/A,N/A,,,failed,"HTTP 401: {""Response"":{""status"":{""version"": ""1.0.0"",""code"": ""401"",""msg"": ""Unauthorized"",""total"": ""0"",""page"": """
25122300030000,"2315 E 96TH ST, CHICAGO, IL, 60617",UNKNOWN,N/A,NONE,0,N/A,,,,,N/A,N/A,,,failed,"HTTP 401: {""Response"":{""status"":{""version"": ""1.0.0"",""code"": ""401"",""msg"": ""Unauthorized"",""total"": ""0"",""page"": """
16111100090000,"3949 W ONTARIO ST, CHICAGO, IL, 60624",UNKNOWN,N/A,NONE,0,N/A,,,,,N/A,N/A,,,failed,"HTTP 401: {""Response"":{""status"":{""version"": ""1.0.0"",""code"": ""401"",""msg"": ""Unauthorized"",""total"": ""0"",""page"": """
16091200200000,"5244 W FERDINAND ST, CHICAGO, IL, 60644",UNKNOWN,N/A,NONE,0,N/A,,,,,N/A,N/A,,,failed,"HTTP 401: {""Response"":{""status"":{""version"": ""1.0.0"",""code"": ""401"",""msg"": ""Unauthorized"",""total"": ""0"",""page"": """
20173010440000,"5952 S LAFLIN ST, CHICAGO, IL, 60636",UNKNOWN,N/A,NONE,0,N/A,,,,,N/A,N/A,,,failed,"HTTP 401: {""Response"":{""status"":{""version"": ""1.0.0"",""code"": ""401"",""msg"": ""Unauthorized"",""total"": ""0"",""page"": """
20282020180000,"7110 S YALE AVE, CHICAGO, IL, 60621",UNKNOWN,N/A,NONE,0,N/A,,,,,N/A,N/A,,,failed,"HTTP 401: {""Response"":{""status"":{""version"": ""1.0.0"",""code"": ""401"",""msg"": ""Unauthorized"",""total"": ""0"",""page"": """
25153180140000,"10933 S MICHIGAN AVE, CHICAGO, IL, 60628",UNKNOWN,N/A,NONE,0,N/A,,,,,N/A,N/A,,,failed,"HTTP 401: {""Response"":{""status"":{""version"": ""1.0.0"",""code"": ""401"",""msg"": ""Unauthorized"",""total"": ""0"",""page"": """
20351030360000,"7939 S INGLESIDE AVE A, CHICAGO, IL, 60619",UNKNOWN,N/A,NONE,0,N/A,,,,,N/A,N/A,,,failed,"HTTP 401: {""Response"":{""status"":{""version"": ""1.0.0"",""code"": ""401"",""msg"": ""Unauthorized"",""total"": ""0"",""page"": """
15102300440000,"1414 ST CHARLES RD, MAYWOOD, IL, 60153",UNKNOWN,N/A,NONE,0,N/A,,,,,N/A,N/A,,,failed,"HTTP 401: {""Response"":{""status"":{""version"": ""1.0.0"",""code"": ""401"",""msg"": ""Unauthorized"",""total"": ""0"",""page"": """
29103120140000,"15320 WOODLAWN WEST AVE, SOUTH HOLLAND, IL, 60473",UNKNOWN,N/A,NONE,0,N/A,,,,,N/A,N/A,,,failed,"HTTP 401: {""Response"":{""status"":{""version"": ""1.0.0"",""code"": ""401"",""msg"": ""Unauthorized"",""total"": ""0"",""page"": """
20163020220000,"620 W 60TH ST, CHICAGO, IL, 60621",UNKNOWN,N/A,NONE,0,N/A,,,,,N/A,N/A,,,failed,"HTTP 401: {""Response"":{""status"":{""version"": ""1.0.0"",""code"": ""401"",""msg"": ""Unauthorized"",""total"": ""0"",""page"": """
16222100120000,"1335 S KILDARE AVE, CHICAGO, IL, 60623",UNKNOWN,N/A,NONE,0,N/A,,,,,N/A,N/A,,,failed,"HTTP 401: {""Response"":{""status"":{""version"": ""1.0.0"",""code"": ""401"",""msg"": ""Unauthorized"",""total"": ""0"",""page"": """
16231260210000,"1520 S RIDGEWAY AVE, CHICAGO, IL, 60623",UNKNOWN,N/A,NONE,0,N/A,,,,,N/A,N/A,,,failed,"HTTP 401: {""Response"":{""status"":{""version"": ""1.0.0"",""code"": ""401"",""msg"": ""Unauthorized"",""total"": ""0"",""page"": """
20301090050000,"2315 W 72ND ST, CHICAGO, IL, 60636",UNKNOWN,N/A,NONE,0,N/A,,,,,N/A,N/A,,,failed,"HTTP 401: {""Response"":{""status"":{""version"": ""1.0.0"",""code"": ""401"",""msg"": ""Unauthorized"",""total"": ""0"",""page"": """
16111100220000,"3954 W OHIO ST, CHICAGO, IL, 60624",UNKNOWN,N/A,NONE,0,N/A,,,,,N/A,N/A,,,failed,"HTTP 401: {""Response"":{""status"":{""version"": ""1.0.0"",""code"": ""401"",""msg"": ""Unauthorized"",""total"": ""0"",""page"": """
16161020140000,"5252 W MONROE ST, CHICAGO, IL, 60644",UNKNOWN,N/A,NONE,0,N/A,,,,,N/A,N/A,,,failed,"HTTP 401: {""Response"":{""status"":{""version"": ""1.0.0"",""code"": ""401"",""msg"": ""Unauthorized"",""total"": ""0"",""page"": """
20173000390000,"5958 S JUSTINE ST, CHICAGO, IL, 60636",UNKNOWN,N/A,NONE,0,N/A,,,,,N/A,N/A,,,failed,"HTTP 401: {""Response"":{""status"":{""version"": ""1.0.0"",""code"": ""401"",""msg"": ""Unauthorized"",""total"": ""0"",""page"": """
20302040290000,"7114 S HERMITAGE AVE, CHICAGO, IL, 60636",UNKNOWN,N/A,NONE,0,N/A,,,,,N/A,N/A,,,failed,"HTTP 401: {""Response"":{""status"":{""version"": ""1.0.0"",""code"": ""401"",""msg"": ""Unauthorized"",""total"": ""0"",""page"": """
25281250050000,"12215 S EMERALD AVE, CHICAGO, IL, 60628",UNKNOWN,N/A,NONE,0,N/A,,,,,N/A,N/A,,,failed,"HTTP 401: {""Response"":{""status"":{""version"": ""1.0.0"",""code"": ""401"",""msg"": ""Unauthorized"",""total"": ""0"",""page"": """
20161210070000,"5817 S EMERALD AVE 1, CHICAGO, IL, 60621",UNKNOWN,N/A,NONE,0,N/A,,,,,N/A,N/A,,,failed,"HTTP 401: {""Response"":{""status"":{""version"": ""1.0.0"",""code"": ""401"",""msg"": ""Unauthorized"",""total"": ""0"",""page"": """
25162160170000,"10549 S LAFAYETTE AVE, CHICAGO, IL, 60628",UNKNOWN,N/A,NONE,0,N/A,,,,,N/A,N/A,,,failed,"HTTP 401: {""Response"":{""status"":{""version"": ""1.0.0"",""code"": ""401"",""msg"": ""Unauthorized"",""total"": ""0"",""page"": """
29114130560000,"15341 DORCHESTER AVE, DOLTON, IL, 60419",UNKNOWN,N/A,NONE,0,N/A,,,,,N/A,N/A,,,failed,"HTTP 401: {""Response"":{""status"":{""version"": ""1.0.0"",""code"": ""401"",""msg"": ""Unauthorized"",""total"": ""0"",""page"": """
15081070540000,"1420 SPEECHLEY BLVD, BERKELEY, IL, 60163",UNKNOWN,N/A,NONE,0,N/A,,,,,N/A,N/A,,,failed,"HTTP 401: {""Response"":{""status"":{""version"": ""1.0.0"",""code"": ""401"",""msg"": ""Unauthorized"",""total"": ""0"",""page"": """
20222290370000,"628 E 67TH ST, CHICAGO, IL, 60637",UNKNOWN,N/A,NONE,0,N/A,,,,,N/A,N/A,,,failed,"HTTP 401: {""Response"":{""status"":{""version"": ""1.0.0"",""code"": ""401"",""msg"": ""Unauthorized"",""total"": ""0"",""page"": """
16222110370000,"1338 S KEELER AVE, CHICAGO, IL, 60623",UNKNOWN,N/A,NONE,0,N/A,,,,,N/A,N/A,,,failed,"HTTP 401: {""Response"":{""status"":{""version"": ""1.0.0"",""code"": ""401"",""msg"": ""Unauthorized"",""total"": ""0"",""page"": """
16231250070000,"1521 S AVERS AVE, CHICAGO, IL, 60623",UNKNOWN,N/A,NONE,0,N/A,,,,,N/A,N/A,,,failed,"HTTP 401: {""Response"":{""status"":{""version"": ""1.0.0"",""code"": ""401"",""msg"": ""Unauthorized"",""total"": ""0"",""page"": """
21303260240000,"2444 E 79TH ST, CHICAGO, IL, 60649",UNKNOWN,N/A,NONE,0,N/A,,,,,N/A,N/A,,,failed,"HTTP 401: {""Response"":{""status"":{""version"": ""1.0.0"",""code"": ""401"",""msg"": ""Unauthorized"",""total"": ""0"",""page"": """
16111100210000,"3956 W OHIO ST, CHICAGO, IL, 60624",UNKNOWN,N/A,NONE,0,N/A,,,,,N/A,N/A,,,failed,"HTTP 401: {""Response"":{""status"":{""version"": ""1.0.0"",""code"": ""401"",""msg"": ""Unauthorized"",""total"": ""0"",""page"": """
20074170060000,"5313 S WINCHESTER AVE, CHICAGO, IL, 60609",UNKNOWN,N/A,NONE,0,N/A,,,,,N/A,N/A,,,failed,"HTTP 401: {""Response"":{""status"":{""version"": ""1.0.0"",""code"": ""401"",""msg"": ""Unauthorized"",""total"": ""0"",""page"": """
20163010530000,"5964 S LOWE AVE, CHICAGO, IL, 60621",UNKNOWN,N/A,NONE,0,N/A,,,,,N/A,N/A,,,failed,"HTTP 401: {""Response"":{""status"":{""version"": ""1.0.0"",""code"": ""401"",""msg"": ""Unauthorized"",""total"": ""0"",""page"": """
20302000490000,"7114 S WINCHESTER AVE, CHICAGO, IL, 60636",UNKNOWN,N/A,NONE,0,N/A,,,,,N/A,N/A,,,failed,"HTTP 401: {""Response"":{""status"":{""version"": ""1.0.0"",""code"": ""401"",""msg"": ""Unauthorized"",""total"": ""0"",""page"": """
25213300220000,"11810 S LOWE AVE, CHICAGO, IL, 60628",UNKNOWN,N/A,NONE,0,N/A,,,,,N/A,N/A,,,failed,"HTTP 401: {""Response"":{""status"":{""version"": ""1.0.0"",""code"": ""401"",""msg"": ""Unauthorized"",""total"": ""0"",""page"": """
20291170020000,"1433 W 72ND PL, CHICAGO, IL, 60636",UNKNOWN,N/A,NONE,0,N/A,,,,,N/A,N/A,,,failed,"HTTP 401: {""Response"":{""status"":{""version"": ""1.0.0"",""code"": ""401"",""msg"": ""Unauthorized"",""total"": ""0"",""page"": """
29292060170000,"17040 HALSTED ST, HARVEY, IL, 60426",UNKNOWN,N/A,NONE,0,N/A,,,,,N/A,N/A,,,failed,"HTTP 401: {""Response"":{""status"":{""version"": ""1.0.0"",""code"": ""401"",""msg"": ""Unauthorized"",""total"": ""0"",""page"": """
16092090220000,"642 N LECLAIRE AVE, CHICAGO, IL, 60644",UNKNOWN,N/A,NONE,0,N/A,,,,,N/A,N/A,,,failed,"HTTP 401: {""Response"":{""status"":{""version"": ""1.0.0"",""code"": ""401"",""msg"": ""Unauthorized"",""total"": ""0"",""page"": """
16222090290000,"1338 S KILDARE AVE, CHICAGO, IL, 60623",UNKNOWN,N/A,NONE,0,N/A,,,,,N/A,N/A,,,failed,"HTTP 401: {""Response"":{""status"":{""version"": ""1.0.0"",""code"": ""401"",""msg"": ""Unauthorized"",""total"": ""0"",""page"": """
16292200380000,"2444 S 57TH AVE, CICERO, IL, 60804",UNKNOWN,N/A,NONE,0,N/A,,,,,N/A,N/A,,,failed,"HTTP 401: {""Response"":{""status"":{""version"": ""1.0.0"",""code"": ""401"",""msg"": ""Unauthorized"",""total"": ""0"",""page"": """
16222240070000,"1521 S KOLIN AVE, CHICAGO, IL, 60623",UNKNOWN,N/A,NONE,0,N/A,,,,,N/A,N/A,,,failed,"HTTP 401: {""Response"":{""status"":{""version"": ""1.0.0"",""code"": ""401"",""msg"": ""Unauthorized"",""total"": ""0"",""page"": """
16111100050000,"3957 W ONTARIO ST, CHICAGO, IL, 60624",UNKNOWN,N/A,NONE,0,N/A,,,,,N/A,N/A,,,failed,"HTTP 401: {""Response"":{""status"":{""version"": ""1.0.0"",""code"": ""401"",""msg"": ""Unauthorized"",""total"": ""0"",""page"": """
20084160360000,"5332 S ABERDEEN ST, CHICAGO, IL, 60609",UNKNOWN,N/A,NONE,0,N/A,,,,,N/A,N/A,,,failed,"HTTP 401: {""Response"":{""status"":{""version"": ""1.0.0"",""code"": ""401"",""msg"": ""Unauthorized"",""total"": ""0"",""page"": """
20174120020000,"6003 S MORGAN ST, CHICAGO, IL, 60621",UNKNOWN,N/A,NONE,0,N/A,,,,,N/A,N/A,,,failed,"HTTP 401: {""Response"":{""status"":{""version"": ""1.0.0"",""code"": ""401"",""msg"": ""Unauthorized"",""total"": ""0"",""page"": """
20282020190000,"7116 S YALE AVE, CHICAGO, IL, 60621",UNKNOWN,N/A,NONE,0,N/A,,,,,N/A,N/A,,,failed,"HTTP 401: {""Response"":{""status"":{""version"": ""1.0.0"",""code"": ""401"",""msg"": ""Unauthorized"",""total"": ""0"",""page"": """
25064090250000,"9114 S ASHLAND AVE, CHICAGO, IL, 60620",UNKNOWN,N/A,NONE,0,N/A,,,,,N/A,N/A,,,failed,"HTTP 401: {""Response"":{""status"":{""version"": ""1.0.0"",""code"": ""401"",""msg"": ""Unauthorized"",""total"": ""0"",""page"": """
16133060290000,"2905 W FLOURNOY ST 12, CHICAGO, IL, 60612",UNKNOWN,N/A,NONE,0,N/A,,,,,N/A,N/A,,,failed,"HTTP 401: {""Response"":{""status"":{""version"": ""1.0.0"",""code"": ""401"",""msg"": ""Unauthorized"",""total"": ""0"",""page"": """
25211210160000,"11302 S NORMAL AVE, CHICAGO, IL, 60628",UNKNOWN,N/A,NONE,0,N/A,,,,,N/A,N/A,,,failed,"HTTP 401: {""Response"":{""status"":{""version"": ""1.0.0"",""code"": ""401"",""msg"": ""Unauthorized"",""total"": ""0"",""page"": """
16224030320000,"1630 S KEELER AVE, CHICAGO, IL 60601",UNKNOWN,N/A,NONE,0,N/A,,,,,N/A,N/A,,,failed,"HTTP 401: {""Response"":{""status"":{""version"": ""1.0.0"",""code"": ""401"",""msg"": ""Unauthorized"",""total"": ""0"",""page"": """
16111110260000,"646 N SPRINGFIELD AVE, CHICAGO, IL, 60624",UNKNOWN,N/A,NONE,0,N/A,,,,,N/A,N/A,,,failed,"HTTP 401: {""Response"":{""status"":{""version"": ""1.0.0"",""code"": ""401"",""msg"": ""Unauthorized"",""total"": ""0"",""page"": """
28352040350000,"17617 CENTRAL PARK AVE, HAZEL CREST, IL, 60429",UNKNOWN,N/A,NONE,0,N/A,,,,,N/A,N/A,,,failed,"HTTP 401: {""Response"":{""status"":{""version"": ""1.0.0"",""code"": ""401"",""msg"": ""Unauthorized"",""total"": ""0"",""page"": """
16222080290000,"1338 S KOLIN AVE, CHICAGO, IL, 60623",UNKNOWN,N/A,NONE,0,N/A,,,,,N/A,N/A,,,failed,"HTTP 401: {""Response"":{""status"":{""version"": ""1.0.0"",""code"": ""401"",""msg"": ""Unauthorized"",""total"": ""0"",""page"": """
16222240250000,"1522 S KILDARE AVE, CHICAGO, IL, 60623",UNKNOWN,N/A,NONE,0,N/A,,,,,N/A,N/A,,,failed,"HTTP 401: {""Response"":{""status"":{""version"": ""1.0.0"",""code"": ""401"",""msg"": ""Unauthorized"",""total"": ""0"",""page"": """
26063220040000,"2604 E 95TH ST, CHICAGO, IL, 60617",UNKNOWN,N/A,NONE,0,N/A,,,,,N/A,N/A,,,failed,"HTTP 401: {""Response"":{""status"":{""version"": ""1.0.0"",""code"": ""401"",""msg"": ""Unauthorized"",""total"": ""0"",""page"": """
20083140200000,"5349 S LAFLIN ST, CHICAGO, IL, 60609",UNKNOWN,N/A,NONE,0,N/A,,,,,N/A,N/A,,,failed,"HTTP 401: {""Response"":{""status"":{""version"": ""1.0.0"",""code"": ""401"",""msg"": ""Unauthorized"",""total"": ""0"",""page"": """
16111180010000,"3959 W OHIO ST, CHICAGO, IL, 60624",UNKNOWN,N/A,NONE,0,N/A,,,,,N/A,N/A,,,failed,"HTTP 401: {""Response"":{""status"":{""version"": ""1.0.0"",""code"": ""401"",""msg"": ""Unauthorized"",""total"": ""0"",""page"": """
20184110030000,"6005 S HONORE ST, CHICAGO, IL, 60636",UNKNOWN,N/A,NONE,0,N/A,,,,,N/A,N/A,,,failed,"HTTP 401: {""Response"":{""status"":{""version"": ""1.0.0"",""code"": ""401"",""msg"": ""Unauthorized"",""total"": ""0"",""page"": """
20261050080000,"7125 S GREENWOOD AVE, CHICAGO, IL, 60619",UNKNOWN,N/A,NONE,0,N/A,,,,,N/A,N/A,,,failed,"HTTP 401: {""Response"":{""status"":{""version"": ""1.0.0"",""code"": ""401"",""msg"": ""Unauthorized"",""total"": ""0"",""page"": """
20324130090000,"8423 S SANGAMON ST, CHICAGO, IL, 60620",UNKNOWN,N/A,NONE,0,N/A,,,,,N/A,N/A,,,failed,"HTTP 401: {""Response"":{""status"":{""version"": ""1.0.0"",""code"": ""401"",""msg"": ""Unauthorized"",""total"": ""0"",""page"": """
15101270070000,"1818 ST CHARLES RD, MAYWOOD, IL, 60153",UNKNOWN,N/A,NONE,0,N/A,,,,,N/A,N/A,,,failed,"HTTP 401: {""Response"":{""status"":{""version"": ""1.0.0"",""code"": ""401"",""msg"": ""Unauthorized"",""total"": ""0"",""page"": """
29042340170000,"14102 S EDBROOKE AVE, RIVERDALE, IL, 60827",UNKNOWN,N/A,NONE,0,N/A,,,,,N/A,N/A,,,failed,"HTTP 401: {""Response"":{""status"":{""version"": ""1.0.0"",""code"": ""401"",""msg"": ""Unauthorized"",""total"": ""0"",""page"": """
31033080040000,"18725 BAKER AVE, COUNTRY CLUB HILLS, IL, 60478",UNKNOWN,N/A,NONE,0,N/A,,,,,N/A,N/A,,,failed,"HTTP 401: {""Response"":{""status"":{""version"": ""1.0.0"",""code"": ""401"",""msg"": ""Unauthorized"",""total"": ""0"",""page"": """
25032020430000,"652 E 87TH PL, CHICAGO, IL, 60619",UNKNOWN,N/A,NONE,0,N/A,,,,,N/A,N/A,,,failed,"HTTP 401: {""Response"":{""status"":{""version"": ""1.0.0"",""code"": ""401"",""msg"": ""Unauthorized"",""total"": ""0"",""page"": """
16222100130000,"1339 S KILDARE AVE, CHICAGO, IL, 60623",UNKNOWN,N/A,NONE,0,N/A,,,,,N/A,N/A,,,failed,"HTTP 401: {""Response"":{""status"":{""version"": ""1.0.0"",""code"": ""401"",""msg"": ""Unauthorized"",""total"": ""0"",""page"": """
16264010350000,"2634 S SAINT LOUIS AVE, CHICAGO, IL, 60623",UNKNOWN,N/A,NONE,0,N/A,,,,,N/A,N/A,,,failed,"HTTP 401: {""Response"":{""status"":{""version"": ""1.0.0"",""code"": ""401"",""msg"": ""Unauthorized"",""total"": ""0"",""page"": """
16202300080000,"1523 S 57TH AVE, CICERO, IL, 60804",UNKNOWN,N/A,NONE,0,N/A,,,,,N/A,N/A,,,failed,"HTTP 401: {""Response"":{""status"":{""version"": ""1.0.0"",""code"": ""401"",""msg"": ""Unauthorized"",""total"": ""0"",""page"": """
16222070010000,"4015 W ROOSEVELT RD, CHICAGO, IL, 60624",UNKNOWN,N/A,NONE,0,N/A,,,,,N/A,N/A,,,failed,"HTTP 401: {""Response"":{""status"":{""version"": ""1.0.0"",""code"": ""401"",""msg"": ""Unauthorized"",""total"": ""0"",""page"": """
20084170210000,"5355 S ABERDEEN ST, CHICAGO, IL, 60609",UNKNOWN,N/A,NONE,0,N/A,,,,,N/A,N/A,,,failed,"HTTP 401: {""Response"":{""status"":{""version"": ""1.0.0"",""code"": ""401"",""msg"": ""Unauthorized"",""total"": ""0"",""page"": """
20174090080000,"6021 S MAY ST, CHICAGO, IL, 60621",UNKNOWN,N/A,NONE,0,N/A,,,,,N/A,N/A,,,failed,"HTTP 401: {""Response"":{""status"":{""version"": ""1.0.0"",""code"": ""401"",""msg"": ""Unauthorized"",""total"": ""0"",""page"": """
25093260100000,"10231 S UNION AVE 1, CHICAGO, IL, 60628",UNKNOWN,N/A,NONE,0,N/A,,,,,N/A,N/A,,,failed,"HTTP 401: {""Response"":{""status"":{""version"": ""1.0.0"",""code"": ""401"",""msg"": ""Unauthorized"",""total"": ""0"",""page"": """
20302050160000,"7125 S HERMITAGE AVE, CHICAGO, IL, 60636",UNKNOWN,N/A,NONE,0,N/A,,,,,N/A,N/A,,,failed,"HTTP 401: {""Response"":{""status"":{""version"": ""1.0.0"",""code"": ""401"",""msg"": ""Unauthorized"",""total"": ""0"",""page"": """
25153170330000,"10948 S MICHIGAN AVE, CHICAGO, IL, 60628",UNKNOWN,N/A,NONE,0,N/A,,,,,N/A,N/A,,,failed,"HTTP 401: {""Response"":{""status"":{""version"": ""1.0.0"",""code"": ""401"",""msg"": ""Unauthorized"",""total"": ""0"",""page"": """
20193200190000,"2011 W 68TH PL, CHICAGO, IL, 60636",UNKNOWN,N/A,NONE,0,N/A,,,,,N/A,N/A,,,failed,"HTTP 401: {""Response"":{""status"":{""version"": ""1.0.0"",""code"": ""401"",""msg"": ""Unauthorized"",""total"": ""0"",""page"": """
31034130100000,"18831 MAPLE AVE, COUNTRY CLUB HILLS, IL, 60478",UNKNOWN,N/A,NONE,0,N/A,,,,,N/A,N/A,,,failed,"HTTP 401: {""Response"":{""status"":{""version"": ""1.0.0"",""code"": ""401"",""msg"": ""Unauthorized"",""total"": ""0"",""page"": """
16222120180000,"1343 S KEELER AVE, CHICAGO, IL, 60623",UNKNOWN,N/A,NONE,0,N/A,,,,,N/A,N/A,,,failed,"HTTP 401: {""Response"":{""status"":{""version"": ""1.0.0"",""code"": ""401"",""msg"": ""Unauthorized"",""total"": ""0"",""page"": """
16111110230000,"654 N SPRINGFIELD AVE, CHICAGO, IL, 60624",UNKNOWN,N/A,NONE,0,N/A,,,,,N/A,N/A,,,failed,"HTTP 401: {""Response"":{""status"":{""version"": ""1.0.0"",""code"": ""401"",""msg"": ""Unauthorized"",""total"": ""0"",""page"": """
16221170090000,"1525 S KENNETH AVE, CHICAGO, IL, 60623",UNKNOWN,N/A,NONE,0,N/A,,,,,N/A,N/A,,,failed,"HTTP 401: {""Response"":{""status"":{""version"": ""1.0.0"",""code"": ""401"",""msg"": ""Unauthorized"",""total"": ""0"",""page"": """
21303140040000,"2715 E 76TH PL, CHICAGO, IL, 60649",UNKNOWN,N/A,NONE,0,N/A,,,,,N/A,N/A,,,failed,"HTTP 401: {""Response"":{""status"":{""version"": ""1.0.0"",""code"": ""401"",""msg"": ""Unauthorized"",""total"": ""0"",""page"": """
16104210300000,"4018 W WASHINGTON BLVD, CHICAGO, IL, 60624",UNKNOWN,N/A,NONE,0,N/A,,,,,N/A,N/A,,,failed,"HTTP 401: {""Response"":{""status"":{""version"": ""1.0.0"",""code"": ""401"",""msg"": ""Unauthorized"",""total"": ""0"",""page"": """
20173120080000,"6025 S LOOMIS BLVD, CHICAGO, IL, 60636",UNKNOWN,N/A,NONE,0,N/A,,,,,N/A,N/A,,,failed,"HTTP 401: {""Response"":{""status"":{""version"": ""1.0.0"",""code"": ""401"",""msg"": ""Unauthorized"",""total"": ""0"",""page"": """
16161040520000,"5408 W ADAMS ST, CHICAGO, IL, 60644",UNKNOWN,N/A,NONE,0,N/A,,,,,N/A,N/A,,,failed,"HTTP 401: {""Response"":{""status"":{""version"": ""1.0.0"",""code"": ""401"",""msg"": ""Unauthorized"",""total"": ""0"",""page"": """
20292000160000,"7133 S RACINE AVE, CHICAGO, IL, 60636",UNKNOWN,N/A,NONE,0,N/A,,,,,N/A,N/A,,,failed,"HTTP 401: {""Response"":{""status"":{""version"": ""1.0.0"",""code"": ""401"",""msg"": ""Unauthorized"",""total"": ""0"",""page"": """
25281250240000,"12228 S UNION AVE, CHICAGO, IL, 60628",UNKNOWN,N/A,NONE,0,N/A,,,,,N/A,N/A,,,failed,"HTTP 401: {""Response"":{""status"":{""version"": ""1.0.0"",""code"": ""401"",""msg"": ""Unauthorized"",""total"": ""0"",""page"": """
20184110020000,"6003 S HONORE ST 2, CHICAGO, IL, 60636",UNKNOWN,N/A,NONE,0,N/A,,,,,N/A,N/A,,,failed,"HTTP 401: {""Response"":{""status"":{""version"": ""1.0.0"",""code"": ""401"",""msg"": ""Unauthorized"",""total"": ""0"",""page"": """
31242030150000,"20741 SPARTA CT, OLYMPIA FIELDS, IL, 60461",UNKNOWN,N/A,NONE,0,N/A,,,,,N/A,N/A,,,failed,"HTTP 401: {""Response"":{""status"":{""version"": ""1.0.0"",""code"": ""401"",""msg"": ""Unauthorized"",""total"": ""0"",""page"": """
32252070260000,"2051 218TH ST, SAUK VILLAGE, IL, 60411",UNKNOWN,N/A,NONE,0,N/A,,,,,N/A,N/A,,,failed,"HTTP 401: {""Response"":{""status"":{""version"": ""1.0.0"",""code"": ""401"",""msg"": ""Unauthorized"",""total"": ""0"",""page"": """
29032040300000,"678 E 142ND ST, DOLTON, IL, 60419",UNKNOWN,N/A,NONE,0,N/A,,,,,N/A,N/A,,,failed,"HTTP 401: {""Response"":{""status"":{""version"": ""1.0.0"",""code"": ""401"",""msg"": ""Unauthorized"",""total"": ""0"",""page"": """
25173330270000,"1348 W 111TH ST, CHICAGO, IL, 60643",UNKNOWN,N/A,NONE,0,N/A,,,,,N/A,N/A,,,failed,"HTTP 401: {""Response"":{""status"":{""version"": ""1.0.0"",""code"": ""401"",""msg"": ""Unauthorized"",""total"": ""0"",""page"": """
16222260110000,"1529 S TRIPP AVE, CHICAGO, IL, 60623",UNKNOWN,N/A,NONE,0,N/A,,,,,N/A,N/A,,,failed,"HTTP 401: {""Response"":{""status"":{""version"": ""1.0.0"",""code"": ""401"",""msg"": ""Unauthorized"",""total"": ""0"",""page"": """
16133190130000,"2829 W ARTHINGTON ST, CHICAGO, IL, 60612",UNKNOWN,N/A,NONE,0,N/A,,,,,N/A,N/A,,,failed,"HTTP 401: {""Response"":{""status"":{""version"": ""1.0.0"",""code"": ""401"",""msg"": ""Unauthorized"",""total"": ""0"",""page"": """
16154240300000,"4026 W GRENSHAW ST, CHICAGO, IL, 60624",UNKNOWN,N/A,NONE,0,N/A,,,,,N/A,N/A,,,failed,"HTTP 401: {""Response"":{""status"":{""version"": ""1.0.0"",""code"": ""401"",""msg"": ""Unauthorized"",""total"": ""0"",""page"": """
16093020250000,"5408 W FULTON ST, CHICAGO, IL, 60644",UNKNOWN,N/A,NONE,0,N/A,,,,,N/A,N/A,,,failed,"HTTP 401: {""Response"":{""status"":{""version"": ""1.0.0"",""code"": ""401"",""msg"": ""Unauthorized"",""total"": ""0"",""page"": """
20174090330000,"6036 S ABERDEEN ST, CHICAGO, IL, 60621",UNKNOWN,N/A,NONE,0,N/A,,,,,N/A,N/A,,,failed,"HTTP 401: {""Response"":{""status"":{""version"": ""1.0.0"",""code"": ""401"",""msg"": ""Unauthorized"",""total"": ""0"",""page"": """
20282000220000,"7134 S HARVARD AVE, CHICAGO, IL, 60621",UNKNOWN,N/A,NONE,0,N/A,,,,,N/A,N/A,,,failed,"HTTP 401: {""Response"":{""status"":{""version"": ""1.0.0"",""code"": ""401"",""msg"": ""Unauthorized"",""total"": ""0"",""page"": """
16241060060000,"1559 S KEDZIE AVE 3, CHICAGO, IL, 60623",UNKNOWN,N/A,NONE,0,N/A,,,,,N/A,N/A,,,failed,"HTTP 401: {""Response"":{""status"":{""version"": ""1.0.0"",""code"": ""401"",""msg"": ""Unauthorized"",""total"": ""0"",""page"": """
25213310190000,"11814 S WALLACE ST, CHICAGO, IL, 60628",UNKNOWN,N/A,NONE,0,N/A,,,,,N/A,N/A,,,failed,"HTTP 401: {""Response"":{""status"":{""version"": ""1.0.0"",""code"": ""401"",""msg"": ""Unauthorized"",""total"": ""0"",""page"": """
15143280210000,"2130 S 4TH AVE, MAYWOOD, IL 60153",UNKNOWN,N/A,NONE,0,N/A,,,,,N/A,N/A,,,failed,"HTTP 401: {""Response"":{""status"":{""version"": ""1.0.0"",""code"": ""401"",""msg"": ""Unauthorized"",""total"": ""0"",""page"": """
15101190500000,"7 S 19TH AVE, MAYWOOD, IL, 60153",UNKNOWN,N/A,NONE,0,N/A,,,,,N/A,N/A,,,failed,"HTTP 401: {""Response"":{""status"":{""version"": ""1.0.0"",""code"": ""401"",""msg"": ""Unauthorized"",""total"": ""0"",""page"": """
16092010210000,"703 N LEAMINGTON AVE, CHICAGO, IL, 60644",UNKNOWN,N/A,NONE,0,N/A,,,,,N/A,N/A,,,failed,"HTTP 401: {""Response"":{""status"":{""version"": ""1.0.0"",""code"": ""401"",""msg"": ""Unauthorized"",""total"": ""0"",""page"": """
16241050070000,"1531 S KEDZIE AVE, CHICAGO, IL, 60623",UNKNOWN,N/A,NONE,0,N/A,,,,,N/A,N/A,,,failed,"HTTP 401: {""Response"":{""status"":{""version"": ""1.0.0"",""code"": ""401"",""msg"": ""Unauthorized"",""total"": ""0"",""page"": """
16222100440000,"1349 S KILDARE AVE, CHICAGO, IL, 60623",UNKNOWN,N/A,NONE,0,N/A,,,,,N/A,N/A,,,failed,"HTTP 401: {""Response"":{""status"":{""version"": ""1.0.0"",""code"": ""401"",""msg"": ""Unauthorized"",""total"": ""0"",""page"": """
16154120140000,"4027 W FIFTH AVE, CHICAGO, IL, 60624",UNKNOWN,N/A,NONE,0,N/A,,,,,N/A,N/A,,,failed,"HTTP 401: {""Response"":{""status"":{""version"": ""1.0.0"",""code"": ""401"",""msg"": ""Unauthorized"",""total"": ""0"",""page"": """
16131060170000,"2834 W MONROE ST, CHICAGO, IL, 60612",UNKNOWN,N/A,NONE,0,N/A,,,,,N/A,N/A,,,failed,"HTTP 401: {""Response"":{""status"":{""version"": ""1.0.0"",""code"": ""401"",""msg"": ""Unauthorized"",""total"": ""0"",""page"": """
16093020190000,"5428 W FULTON ST, CHICAGO, IL, 60644",UNKNOWN,N/A,NONE,0,N/A,,,,,N/A,N/A,,,failed,"HTTP 401: {""Response"":{""status"":{""version"": ""1.0.0"",""code"": ""401"",""msg"": ""Unauthorized"",""total"": ""0"",""page"": """
20302040190000,"7135 S WOOD ST, CHICAGO, IL, 60636",UNKNOWN,N/A,NONE,0,N/A,,,,,N/A,N/A,,,failed,"HTTP 401: {""Response"":{""status"":{""version"": ""1.0.0"",""code"": ""401"",""msg"": ""Unauthorized"",""total"": ""0"",""page"": """
20174090340000,"6040 S ABERDEEN ST, CHICAGO, IL, 60621",UNKNOWN,N/A,NONE,0,N/A,,,,,N/A,N/A,,,failed,"HTTP 401: {""Response"":{""status"":{""version"": ""1.0.0"",""code"": ""401"",""msg"": ""Unauthorized"",""total"": ""0"",""page"": """
16241060240000,"3140 W 16TH ST 1, CHICAGO, IL, 60623",UNKNOWN,N/A,NONE,0,N/A,,,,,N/A,N/A,,,failed,"HTTP 401: {""Response"":{""status"":{""version"": ""1.0.0"",""code"": ""401"",""msg"": ""Unauthorized"",""total"": ""0"",""page"": """
26063080380000,"9238 S ESSEX AVE, CHICAGO, IL, 60617",UNKNOWN,N/A,NONE,0,N/A,,,,,N/A,N/A,,,failed,"HTTP 401: {""Response"":{""status"":{""version"": ""1.0.0"",""code"": ""401"",""msg"": ""Unauthorized"",""total"": ""0"",""page"": """
25212190060000,"11319 S YALE AVE, CHICAGO, IL, 60628",UNKNOWN,N/A,NONE,0,N/A,,,,,N/A,N/A,,,failed,"HTTP 401: {""Response"":{""status"":{""version"": ""1.0.0"",""code"": ""401"",""msg"": ""Unauthorized"",""total"": ""0"",""page"": """
20324140320000,"8446 S GREEN ST, CHICAGO, IL, 60620",UNKNOWN,N/A,NONE,0,N/A,,,,,N/A,N/A,,,failed,"HTTP 401: {""Response"":{""status"":{""version"": ""1.0.0"",""code"": ""401"",""msg"": ""Unauthorized"",""total"": ""0"",""page"": """
29044040080000,"14215 S STATE ST, RIVERDALE, IL, 60827",UNKNOWN,N/A,NONE,0,N/A,,,,,N/A,N/A,,,failed,"HTTP 401: {""Response"":{""status"":{""version"": ""1.0.0"",""code"": ""401"",""msg"": ""Unauthorized"",""total"": ""0"",""page"": """
32252070350000,"2141 218TH ST, SAUK VILLAGE, IL, 60411",UNKNOWN,N/A,NONE,0,N/A,,,,,N/A,N/A,,,failed,"HTTP 401: {""Response"":{""status"":{""version"": ""1.0.0"",""code"": ""401"",""msg"": ""Unauthorized"",""total"": ""0"",""page"": """
16131020110000,"17 S WHIPPLE ST, CHICAGO, IL, 60612",UNKNOWN,N/A,NONE,0,N/A,,,,,N/A,N/A,,,failed,"HTTP 401: {""Response"":{""status"":{""version"": ""1.0.0"",""code"": ""401"",""msg"": ""Unauthorized"",""total"": ""0"",""page"": """
25164110360000,"310 W 109TH ST, CHICAGO, IL, 60628",UNKNOWN,N/A,NONE,0,N/A,,,,,N/A,N/A,,,failed,"HTTP 401: {""Response"":{""status"":{""version"": ""1.0.0"",""code"": ""401"",""msg"": ""Unauthorized"",""total"": ""0"",""page"": """
16222260120000,"1531 S TRIPP AVE, CHICAGO, IL, 60623",UNKNOWN,N/A,NONE,0,N/A,,,,,N/A,N/A,,,failed,"HTTP 401: {""Response"":{""status"":{""version"": ""1.0.0"",""code"": ""401"",""msg"": ""Unauthorized"",""total"": ""0"",""page"": """
20272060240000,"712 E 72ND ST, CHICAGO, IL, 60619",UNKNOWN,N/A,NONE,0,N/A,,,,,N/A,N/A,,,failed,"HTTP 401: {""Response"":{""status"":{""version"": ""1.0.0"",""code"": ""401"",""msg"": ""Unauthorized"",""total"": ""0"",""page"": """
16133030310000,"2836 W FLOURNOY ST, CHICAGO, IL, 60612",UNKNOWN,N/A,NONE,0,N/A,,,,,N/A,N/A,,,failed,"HTTP 401: {""Response"":{""status"":{""version"": ""1.0.0"",""code"": ""401"",""msg"": ""Unauthorized"",""total"": ""0"",""page"": """
16154140360000,"4034 W ARTHINGTON ST, CHICAGO, IL, 60624",UNKNOWN,N/A,NONE,0,N/A,,,,,N/A,N/A,,,failed,"HTTP 401: {""Response"":{""status"":{""version"": ""1.0.0"",""code"": ""401"",""msg"": ""Unauthorized"",""total"": ""0"",""page"": """
16281010210000,"5438 W 22ND PL, CICERO, IL, 60804",UNKNOWN,N/A,NONE,0,N/A,,,,,N/A,N/A,,,failed,"HTTP 401: {""Response"":{""status"":{""version"": ""1.0.0"",""code"": ""401"",""msg"": ""Unauthorized"",""total"": ""0"",""page"": """
20302060430000,"7158 S MARSHFIELD AVE, CHICAGO, IL, 60636",UNKNOWN,N/A,NONE,0,N/A,,,,,N/A,N/A,,,failed,"HTTP 401: {""Response"":{""status"":{""version"": ""1.0.0"",""code"": ""401"",""msg"": ""Unauthorized"",""total"": ""0"",""page"": """
20173110150000,"6041 S BISHOP ST, CHICAGO, IL, 60636",UNKNOWN,N/A,NONE,0,N/A,,,,,N/A,N/A,,,failed,"HTTP 401: {""Response"":{""status"":{""version"": ""1.0.0"",""code"": ""401"",""msg"": ""Unauthorized"",""total"": ""0"",""page"": """
25221080130000,"11245 S EDBROOKE AVE 1, CHICAGO, IL, 60628",UNKNOWN,N/A,NONE,0,N/A,,,,,N/A,N/A,,,failed,"HTTP 401: {""Response"":{""status"":{""version"": ""1.0.0"",""code"": ""401"",""msg"": ""Unauthorized"",""total"": ""0"",""page"": """
25153170190000,"10955 S WABASH AVE, CHICAGO, IL, 60628",UNKNOWN,N/A,NONE,0,N/A,,,,,N/A,N/A,,,failed,"HTTP 401: {""Response"":{""status"":{""version"": ""1.0.0"",""code"": ""401"",""msg"": ""Unauthorized"",""total"": ""0"",""page"": """
21304000150000,"2802 E 78TH ST, CHICAGO, IL, 60649",UNKNOWN,N/A,NONE,0,N/A,,,,,N/A,N/A,,,failed,"HTTP 401: {""Response"":{""status"":{""version"": ""1.0.0"",""code"": ""401"",""msg"": ""Unauthorized"",""total"": ""0"",""page"": """
25164110150000,"311 W 108TH PL, CHICAGO, IL, 60628",UNKNOWN,N/A,NONE,0,N/A,,,,,N/A,N/A,,,failed,"HTTP 401: {""Response"":{""status"":{""version"": ""1.0.0"",""code"": ""401"",""msg"": ""Unauthorized"",""total"": ""0"",""page"": """
25212300120000,"17 W 114TH PL, CHICAGO, IL, 60628",UNKNOWN,N/A,NONE,0,N/A,,,,,N/A,N/A,,,failed,"HTTP 401: {""Response"":{""status"":{""version"": ""1.0.0"",""code"": ""401"",""msg"": ""Unauthorized"",""total"": ""0"",""page"": """
16092000320000,"720 N LEAMINGTON AVE, CHICAGO, IL, 60644",UNKNOWN,N/A,NONE,0,N/A,,,,,N/A,N/A,,,failed,"HTTP 401: {""Response"":{""status"":{""version"": ""1.0.0"",""code"": ""401"",""msg"": ""Unauthorized"",""total"": ""0"",""page"": """
16222270300000,"1532 S KEDVALE AVE, CHICAGO, IL, 60623",UNKNOWN,N/A,NONE,0,N/A,,,,,N/A,N/A,,,failed,"HTTP 401: {""Response"":{""status"":{""version"": ""1.0.0"",""code"": ""401"",""msg"": ""Unauthorized"",""total"": ""0"",""page"": """
16133020390000,"2901 W HARRISON ST, CHICAGO, IL, 60612",UNKNOWN,N/A,NONE,0,N/A,,,,,N/A,N/A,,,failed,"HTTP 401: {""Response"":{""status"":{""version"": ""1.0.0"",""code"": ""401"",""msg"": ""Unauthorized"",""total"": ""0"",""page"": """
20181060220000,"5514 S DAMEN AVE, CHICAGO, IL, 60636",UNKNOWN,N/A,NONE,0,N/A,,,,,N/A,N/A,,,failed,"HTTP 401: {""Response"":{""status"":{""version"": ""1.0.0"",""code"": ""401"",""msg"": ""Unauthorized"",""total"": ""0"",""page"": """
16152230290000,"4040 W VAN BUREN ST, CHICAGO, IL, 60624",UNKNOWN,N/A,NONE,0,N/A,,,,,N/A,N/A,,,failed,"HTTP 401: {""Response"":{""status"":{""version"": ""1.0.0"",""code"": ""401"",""msg"": ""Unauthorized"",""total"": ""0"",""page"": """
20174090350000,"6044 S ABERDEEN ST, CHICAGO, IL, 60621",UNKNOWN,N/A,NONE,0,N/A,,,,,N/A,N/A,,,failed,"HTTP 401: {""Response"":{""status"":{""version"": ""1.0.0"",""code"": ""401"",""msg"": ""Unauthorized"",""total"": ""0"",""page"": """
20302120220000,"7200 S HERMITAGE AVE, CHICAGO, IL, 60636",UNKNOWN,N/A,NONE,0,N/A,,,,,N/A,N/A,,,failed,"HTTP 401: {""Response"":{""status"":{""version"": ""1.0.0"",""code"": ""401"",""msg"": ""Unauthorized"",""total"": ""0"",""page"": """
25292160350000,"12232 S PEORIA ST, CHICAGO, IL, 60643",UNKNOWN,N/A,NONE,0,N/A,,,,,N/A,N/A,,,failed,"HTTP 401: {""Response"":{""status"":{""version"": ""1.0.0"",""code"": ""401"",""msg"": ""Unauthorized"",""total"": ""0"",""page"": """
16142150140000,"3460 W FIFTH AVE, CHICAGO, IL 60601",UNKNOWN,N/A,NONE,0,N/A,,,,,N/A,N/A,,,failed,"HTTP 401: {""Response"":{""status"":{""version"": ""1.0.0"",""code"": ""401"",""msg"": ""Unauthorized"",""total"": ""0"",""page"": """
20192030130000,"6327 S HONORE ST 1FL, CHICAGO, IL, 60636",UNKNOWN,N/A,NONE,0,N/A,,,,,N/A,N/A,,,failed,"HTTP 401: {""Response"":{""status"":{""version"": ""1.0.0"",""code"": ""401"",""msg"": ""Unauthorized"",""total"": ""0"",""page"": """
25221090200000,"20 E 113TH PL, CHICAGO, IL, 60628",UNKNOWN,N/A,NONE,0,N/A,,,,,N/A,N/A,,,failed,"HTTP 401: {""Response"":{""status"":{""version"": ""1.0.0"",""code"": ""401"",""msg"": ""Unauthorized"",""total"": ""0"",""page"": """
25212250350000,"316 W 115TH ST, CHICAGO, IL, 60628",UNKNOWN,N/A,NONE,0,N/A,,,,,N/A,N/A,,,failed,"HTTP 401: {""Response"":{""status"":{""version"": ""1.0.0"",""code"": ""401"",""msg"": ""Unauthorized"",""total"": ""0"",""page"": """
16091010190000,"724 N LOTUS AVE, CHICAGO, IL, 60644",UNKNOWN,N/A,NONE,0,N/A,,,,,N/A,N/A,,,failed,"HTTP 401: {""Response"":{""status"":{""version"": ""1.0.0"",""code"": ""401"",""msg"": ""Unauthorized"",""total"": ""0"",""page"": """
16133060280000,"2907 W FLOURNOY ST, CHICAGO, IL, 60612",UNKNOWN,N/A,NONE,0,N/A,,,,,N/A,N/A,,,failed,"HTTP 401: {""Response"":{""status"":{""version"": ""1.0.0"",""code"": ""401"",""msg"": ""Unauthorized"",""total"": ""0"",""page"": """
16221170470000,"1534 S KOSTNER AVE, CHICAGO, IL, 60623",UNKNOWN,N/A,NONE,0,N/A,,,,,N/A,N/A,,,failed,"HTTP 401: {""Response"":{""status"":{""version"": ""1.0.0"",""code"": ""401"",""msg"": ""Unauthorized"",""total"": ""0"",""page"": """
16152070290000,"4042 W WILCOX ST, CHICAGO, IL, 60624",UNKNOWN,N/A,NONE,0,N/A,,,,,N/A,N/A,,,failed,"HTTP 401: {""Response"":{""status"":{""version"": ""1.0.0"",""code"": ""401"",""msg"": ""Unauthorized"",""total"": ""0"",""page"": """
20162070100000,"5529 S LAFAYETTE AVE, CHICAGO, IL, 60621",UNKNOWN,N/A,NONE,0,N/A,,,,,N/A,N/A,,,failed,"HTTP 401: {""Response"":{""status"":{""version"": ""1.0.0"",""code"": ""401"",""msg"": ""Unauthorized"",""total"": ""0"",""page"": """
20174140400000,"6044 S GREEN ST, CHICAGO, IL, 60621",UNKNOWN,N/A,NONE,0,N/A,,,,,N/A,N/A,,,failed,"HTTP 401: {""Response"":{""status"":{""version"": ""1.0.0"",""code"": ""401"",""msg"": ""Unauthorized"",""total"": ""0"",""page"": """
20272090130000,"7241 S VERNON AVE, CHICAGO, IL, 60619",UNKNOWN,N/A,NONE,0,N/A,,,,,N/A,N/A,,,failed,"HTTP 401: {""Response"":{""status"":{""version"": ""1.0.0"",""code"": ""401"",""msg"": ""Unauthorized"",""total"": ""0"",""page"": """
25164060200000,"10716 S STATE ST, CHICAGO, IL, 60628",UNKNOWN,N/A,NONE,0,N/A,,,,,N/A,N/A,,,failed,"HTTP 401: {""Response"":{""status"":{""version"": ""1.0.0"",""code"": ""401"",""msg"": ""Unauthorized"",""total"": ""0"",""page"": """
25213290070000,"11819 S EMERALD AVE, CHICAGO, IL, 60628",UNKNOWN,N/A,NONE,0,N/A,,,,,N/A,N/A,,,failed,"HTTP 401: {""Response"":{""status"":{""version"": ""1.0.0"",""code"": ""401"",""msg"": ""Unauthorized"",""total"": ""0"",""page"": """
16111100260000,"3946 W OHIO ST, CHICAGO, IL, 60624",UNKNOWN,N/A,NONE,0,N/A,,,,,N/A,N/A,,,failed,"HTTP 401: {""Response"":{""status"":{""version"": ""1.0.0"",""code"": ""401"",""msg"": ""Unauthorized"",""total"": ""0"",""page"": """
15152000150000,"20 S 16TH AVE, MAYWOOD, IL, 60153",UNKNOWN,N/A,NONE,0,N/A,,,,,N/A,N/A,,,failed,"HTTP 401: {""Response"":{""status"":{""version"": ""1.0.0"",""code"": ""401"",""msg"": ""Unauthorized"",""total"": ""0"",""page"": """
20161210330000,"724 W 59TH ST, CHICAGO, IL, 60621",UNKNOWN,N/A,NONE,0,N/A,,,,,N/A,N/A,,,failed,"HTTP 401: {""Response"":{""status"":{""version"": ""1.0.0"",""code"": ""401"",""msg"": ""Unauthorized"",""total"": ""0"",""page"": """
16131210160000,"325 S SACRAMENTO BLVD, CHICAGO, IL, 60612",UNKNOWN,N/A,NONE,0,N/A,,,,,N/A,N/A,,,failed,"HTTP 401: {""Response"":{""status"":{""version"": ""1.0.0"",""code"": ""401"",""msg"": ""Unauthorized"",""total"": ""0"",""page"": """
16231290330000,"1536 S CENTRAL PARK AVE, CHICAGO, IL, 60623",UNKNOWN,N/A,NONE,0,N/A,,,,,N/A,N/A,,,failed,"HTTP 401: {""Response"":{""status"":{""version"": ""1.0.0"",""code"": ""401"",""msg"": ""Unauthorized"",""total"": ""0"",""page"": """
16133020180000,"2907 W HARRISON ST, CHICAGO, IL, 60612",UNKNOWN,N/A,NONE,0,N/A,,,,,N/A,N/A,,,failed,"HTTP 401: {""Response"":{""status"":{""version"": ""1.0.0"",""code"": ""401"",""msg"": ""Unauthorized"",""total"": ""0"",""page"": """
16154060260000,"4100 W FIFTH AVE, CHICAGO, IL, 60624",UNKNOWN,N/A,NONE,0,N/A,,,,,N/A,N/A,,,failed,"HTTP 401: {""Response"":{""status"":{""version"": ""1.0.0"",""code"": ""401"",""msg"": ""Unauthorized"",""total"": ""0"",""page"": """
20173110160000,"6045 S BISHOP ST, CHICAGO, IL, 60636",UNKNOWN,N/A,NONE,0,N/A,,,,,N/A,N/A,,,failed,"HTTP 401: {""Response"":{""status"":{""version"": ""1.0.0"",""code"": ""401"",""msg"": ""Unauthorized"",""total"": ""0"",""page"": """
20162070120000,"5535 S LAFAYETTE AVE, CHICAGO, IL, 60621",UNKNOWN,N/A,NONE,0,N/A,,,,,N/A,N/A,,,failed,"HTTP 401: {""Response"":{""status"":{""version"": ""1.0.0"",""code"": ""401"",""msg"": ""Unauthorized"",""total"": ""0"",""page"": """
25014090330000,"9242 S CLYDE AVE, CHICAGO, IL, 60617",UNKNOWN,N/A,NONE,0,N/A,,,,,N/A,N/A,,,failed,"HTTP 401: {""Response"":{""status"":{""version"": ""1.0.0"",""code"": ""401"",""msg"": ""Unauthorized"",""total"": ""0"",""page"": """
20282100130000,"7245 S PRINCETON AVE, CHICAGO, IL, 60621",UNKNOWN,N/A,NONE,0,N/A,,,,,N/A,N/A,,,failed,"HTTP 401: {""Response"":{""status"":{""version"": ""1.0.0"",""code"": ""401"",""msg"": ""Unauthorized"",""total"": ""0"",""page"": """
16112130230000,"3318 W OHIO ST 3, CHICAGO, IL, 60624",UNKNOWN,N/A,NONE,0,N/A,,,,,N/A,N/A,,,failed,"HTTP 401: {""Response"":{""status"":{""version"": ""1.0.0"",""code"": ""401"",""msg"": ""Unauthorized"",""total"": ""0"",""page"": """
25214070260000,"22 W 116TH ST, CHICAGO, IL, 60628",UNKNOWN,N/A,NONE,0,N/A,,,,,N/A,N/A,,,failed,"HTTP 401: {""Response"":{""status"":{""version"": ""1.0.0"",""code"": ""401"",""msg"": ""Unauthorized"",""total"": ""0"",""page"": """
16224010300000,"4246 W 17TH ST, CHICAGO, IL 60601",UNKNOWN,N/A,NONE,0,N/A,,,,,N/A,N/A,,,failed,"HTTP 401: {""Response"":{""status"":{""version"": ""1.0.0"",""code"": ""401"",""msg"": ""Unauthorized"",""total"": ""0"",""page"": """
20212040150000,"344 W 65TH ST, CHICAGO, IL, 60621",UNKNOWN,N/A,NONE,0,N/A,,,,,N/A,N/A,,,failed,"HTTP 401: {""Response"":{""status"":{""version"": ""1.0.0"",""code"": ""401"",""msg"": ""Unauthorized"",""total"": ""0"",""page"": """
25034070250000,"726 E 92ND ST, CHICAGO, IL, 60619",UNKNOWN,N/A,NONE,0,N/A,,,,,N/A,N/A,,,failed,"HTTP 401: {""Response"":{""status"":{""version"": ""1.0.0"",""code"": ""401"",""msg"": ""Unauthorized"",""total"": ""0"",""page"": """
16231260260000,"1536 S RIDGEWAY AVE, CHICAGO, IL, 60623",UNKNOWN,N/A,NONE,0,N/A,,,,,N/A,N/A,,,failed,"HTTP 401: {""Response"":{""status"":{""version"": ""1.0.0"",""code"": ""401"",""msg"": ""Unauthorized"",""total"": ""0"",""page"": """
16272050040000,"4103 W CERMAK RD, CHICAGO, IL, 60623",UNKNOWN,N/A,NONE,0,N/A,,,,,N/A,N/A,,,failed,"HTTP 401: {""Response"":{""status"":{""version"": ""1.0.0"",""code"": ""401"",""msg"": ""Unauthorized"",""total"": ""0"",""page"": """
16133020140000,"2917 W HARRISON ST, CHICAGO, IL, 60612",UNKNOWN,N/A,NONE,0,N/A,,,,,N/A,N/A,,,failed,"HTTP 401: {""Response"":{""status"":{""version"": ""1.0.0"",""code"": ""401"",""msg"": ""Unauthorized"",""total"": ""0"",""page"": """
20182000250000,"5536 S WINCHESTER AVE, CHICAGO, IL, 60636",UNKNOWN,N/A,NONE,0,N/A,,,,,N/A,N/A,,,failed,"HTTP 401: {""Response"":{""status"":{""version"": ""1.0.0"",""code"": ""401"",""msg"": ""Unauthorized"",""total"": ""0"",""page"": """
20174110180000,"6045 S CARPENTER ST, CHICAGO, IL, 60621",UNKNOWN,N/A,NONE,0,N/A,,,,,N/A,N/A,,,failed,"HTTP 401: {""Response"":{""status"":{""version"": ""1.0.0"",""code"": ""401"",""msg"": ""Unauthorized"",""total"": ""0"",""page"": """
20302100530000,"7253 S WOLCOTT AVE, CHICAGO, IL, 60636",UNKNOWN,N/A,NONE,0,N/A,,,,,N/A,N/A,,,failed,"HTTP 401: {""Response"":{""status"":{""version"": ""1.0.0"",""code"": ""401"",""msg"": ""Unauthorized"",""total"": ""0"",""page"": """
21322090290000,"8514 S BUFFALO AVE, CHICAGO, IL, 60617",UNKNOWN,N/A,NONE,0,N/A,,,,,N/A,N/A,,,failed,"HTTP 401: {""Response"":{""status"":{""version"": ""1.0.0"",""code"": ""401"",""msg"": ""Unauthorized"",""total"": ""0"",""page"": """
25212170280000,"11336 S PRINCETON AVE, CHICAGO, IL, 60628",UNKNOWN,N/A,NONE,0,N/A,,,,,N/A,N/A,,,failed,"HTTP 401: {""Response"":{""status"":{""version"": ""1.0.0"",""code"": ""401"",""msg"": ""Unauthorized"",""total"": ""0"",""page"": """
29044010330000,"14230 S CLARK ST, RIVERDALE, IL, 60827",UNKNOWN,N/A,NONE,0,N/A,,,,,N/A,N/A,,,failed,"HTTP 401: {""Response"":{""status"":{""version"": ""1.0.0"",""code"": ""401"",""msg"": ""Unauthorized"",""total"": ""0"",""page"": """
31344030090000,"4247 POLK AVE, RICHTON PARK, IL, 60471",UNKNOWN,N/A,NONE,0,N/A,,,,,N/A,N/A,,,failed,"HTTP 401: {""Response"":{""status"":{""version"": ""1.0.0"",""code"": ""401"",""msg"": ""Unauthorized"",""total"": ""0"",""page"": """
15152000160000,"24 S 16TH AVE, MAYWOOD, IL, 60153",UNKNOWN,N/A,NONE,0,N/A,,,,,N/A,N/A,,,failed,"HTTP 401: {""Response"":{""status"":{""version"": ""1.0.0"",""code"": ""401"",""msg"": ""Unauthorized"",""total"": ""0"",""page"": """
16111020110000,"729 N SPRINGFIELD AVE, CHICAGO, IL, 60624",UNKNOWN,N/A,NONE,0,N/A,,,,,N/A,N/A,,,failed,"HTTP 401: {""Response"":{""status"":{""version"": ""1.0.0"",""code"": ""401"",""msg"": ""Unauthorized"",""total"": ""0"",""page"": """
25092000030000,"349 W 95TH ST, CHICAGO, IL, 60628",UNKNOWN,N/A,NONE,0,N/A,,,,,N/A,N/A,,,failed,"HTTP 401: {""Response"":{""status"":{""version"": ""1.0.0"",""code"": ""401"",""msg"": ""Unauthorized"",""total"": ""0"",""page"": """
16231290340000,"1538 S CENTRAL PARK AVE, CHICAGO, IL, 60623",UNKNOWN,N/A,NONE,0,N/A,,,,,N/A,N/A,,,failed,"HTTP 401: {""Response"":{""status"":{""version"": ""1.0.0"",""code"": ""401"",""msg"": ""Unauthorized"",""total"": ""0"",""page"": """
16133020110000,"2923 W HARRISON ST, CHICAGO, IL, 60612",UNKNOWN,N/A,NONE,0,N/A,,,,,N/A,N/A,,,failed,"HTTP 401: {""Response"":{""status"":{""version"": ""1.0.0"",""code"": ""401"",""msg"": ""Unauthorized"",""total"": ""0"",""page"": """
16104060160000,"4121 W CARROLL AVE, CHICAGO, IL, 60624",UNKNOWN,N/A,NONE,0,N/A,,,,,N/A,N/A,,,failed,"HTTP 401: {""Response"":{""status"":{""version"": ""1.0.0"",""code"": ""401"",""msg"": ""Unauthorized"",""total"": ""0"",""page"": """
20174220240000,"6114 S GREEN ST, CHICAGO, IL, 60621",UNKNOWN,N/A,NONE,0,N/A,,,,,N/A,N/A,,,failed,"HTTP 401: {""Response"":{""status"":{""version"": ""1.0.0"",""code"": ""401"",""msg"": ""Unauthorized"",""total"": ""0"",""page"": """
20162060600000,"5540 S LAFAYETTE AVE, CHICAGO, IL, 60621",UNKNOWN,N/A,NONE,0,N/A,,,,,N/A,N/A,,,failed,"HTTP 401: {""Response"":{""status"":{""version"": ""1.0.0"",""code"": ""401"",""msg"": ""Unauthorized"",""total"": ""0"",""page"": """
20292140230000,"7259 S PEORIA ST, CHICAGO, IL, 60621",UNKNOWN,N/A,NONE,0,N/A,,,,,N/A,N/A,,,failed,"HTTP 401: {""Response"":{""status"":{""version"": ""1.0.0"",""code"": ""401"",""msg"": ""Unauthorized"",""total"": ""0"",""page"": """
25271050100000,"11919 S PRAIRIE AVE 1ST, CHICAGO, IL, 60628",UNKNOWN,N/A,NONE,0,N/A,,,,,N/A,N/A,,,failed,"HTTP 401: {""Response"":{""status"":{""version"": ""1.0.0"",""code"": ""401"",""msg"": ""Unauthorized"",""total"": ""0"",""page"": """
25153170200000,"10959 S WABASH AVE, CHICAGO, IL, 60628",UNKNOWN,N/A,NONE,0,N/A,,,,,N/A,N/A,,,failed,"HTTP 401: {""Response"":{""status"":{""version"": ""1.0.0"",""code"": ""401"",""msg"": ""Unauthorized"",""total"": ""0"",""page"": """
16093230170000,"25 N LOCKWOOD AVE, CHICAGO, IL, 60644",UNKNOWN,N/A,NONE,0,N/A,,,,,N/A,N/A,,,failed,"HTTP 401: {""Response"":{""status"":{""version"": ""1.0.0"",""code"": ""401"",""msg"": ""Unauthorized"",""total"": ""0"",""page"": """
16224010290000,"4248 W 17TH ST, CHICAGO, IL 60601",UNKNOWN,N/A,NONE,0,N/A,,,,,N/A,N/A,,,failed,"HTTP 401: {""Response"":{""status"":{""version"": ""1.0.0"",""code"": ""401"",""msg"": ""Unauthorized"",""total"": ""0"",""page"": """
31163110210000,"351 W CENTRAL AVE, MATTESON, IL, 60443",UNKNOWN,N/A,NONE,0,N/A,,,,,N/A,N/A,,,failed,"HTTP 401: {""Response"":{""status"":{""version"": ""1.0.0"",""code"": ""401"",""msg"": ""Unauthorized"",""total"": ""0"",""page"": """
16111010270000,"736 N SPRINGFIELD AVE, CHICAGO, IL, 60624",UNKNOWN,N/A,NONE,0,N/A,,,,,N/A,N/A,,,failed,"HTTP 401: {""Response"":{""status"":{""version"": ""1.0.0"",""code"": ""401"",""msg"": ""Unauthorized"",""total"": ""0"",""page"": """
16221150320000,"1538 S KILBOURN AVE, CHICAGO, IL, 60623",UNKNOWN,N/A,NONE,0,N/A,,,,,N/A,N/A,,,failed,"HTTP 401: {""Response"":{""status"":{""version"": ""1.0.0"",""code"": ""401"",""msg"": ""Unauthorized"",""total"": ""0"",""page"": """
16133180110000,"2933 W ARTHINGTON ST, CHICAGO, IL, 60612",UNKNOWN,N/A,NONE,0,N/A,,,,,N/A,N/A,,,failed,"HTTP 401: {""Response"":{""status"":{""version"": ""1.0.0"",""code"": ""401"",""msg"": ""Unauthorized"",""total"": ""0"",""page"": """
16222040010000,"4123 W ROOSEVELT RD, CHICAGO, IL, 60624",UNKNOWN,N/A,NONE,0,N/A,,,,,N/A,N/A,,,failed,"HTTP 401: {""Response"":{""status"":{""version"": ""1.0.0"",""code"": ""401"",""msg"": ""Unauthorized"",""total"": ""0"",""page"": """
20162070160000,"5545 S LAFAYETTE AVE, CHICAGO, IL, 60621",UNKNOWN,N/A,NONE,0,N/A,,,,,N/A,N/A,,,failed,"HTTP 401: {""Response"":{""status"":{""version"": ""1.0.0"",""code"": ""401"",""msg"": ""Unauthorized"",""total"": ""0"",""page"": """
20173200110000,"6115 S LOOMIS BLVD, CHICAGO, IL, 60636",UNKNOWN,N/A,NONE,0,N/A,,,,,N/A,N/A,,,failed,"HTTP 401: {""Response"":{""status"":{""version"": ""1.0.0"",""code"": ""401"",""msg"": ""Unauthorized"",""total"": ""0"",""page"": """
20281100200000,"7259 S UNION AVE, CHICAGO, IL, 60621",UNKNOWN,N/A,NONE,0,N/A,,,,,N/A,N/A,,,failed,"HTTP 401: {""Response"":{""status"":{""version"": ""1.0.0"",""code"": ""401"",""msg"": ""Unauthorized"",""total"": ""0"",""page"": """
25283020310000,"12318 S LOWE AVE, CHICAGO, IL, 60628",UNKNOWN,N/A,NONE,0,N/A,,,,,N/A,N/A,,,failed,"HTTP 401: {""Response"":{""status"":{""version"": ""1.0.0"",""code"": ""401"",""msg"": ""Unauthorized"",""total"": ""0"",""page"": """
20201140070000,"6517 S LAFLIN ST 1, CHICAGO, IL, 60636",UNKNOWN,N/A,NONE,0,N/A,,,,,N/A,N/A,,,failed,"HTTP 401: {""Response"":{""status"":{""version"": ""1.0.0"",""code"": ""401"",""msg"": ""Unauthorized"",""total"": ""0"",""page"": """
16224010280000,"4250 W 17TH ST, CHICAGO, IL 60601",UNKNOWN,N/A,NONE,0,N/A,,,,,N/A,N/A,,,failed,"HTTP 401: {""Response"":{""status"":{""version"": ""1.0.0"",""code"": ""401"",""msg"": ""Unauthorized"",""total"": ""0"",""page"": """
25214070250000,"26 W 116TH ST, CHICAGO, IL, 60628",UNKNOWN,N/A,NONE,0,N/A,,,,,N/A,N/A,,,failed,"HTTP 401: {""Response"":{""status"":{""version"": ""1.0.0"",""code"": ""401"",""msg"": ""Unauthorized"",""total"": ""0"",""page"": """
16151180050000,"356 S KOLMAR AVE, CHICAGO, IL, 60624",UNKNOWN,N/A,NONE,0,N/A,,,,,N/A,N/A,,,failed,"HTTP 401: {""Response"":{""status"":{""version"": ""1.0.0"",""code"": ""401"",""msg"": ""Unauthorized"",""total"": ""0"",""page"": """
16111030130000,"739 N AVERS AVE, CHICAGO, IL, 60624",UNKNOWN,N/A,NONE,0,N/A,,,,,N/A,N/A,,,failed,"HTTP 401: {""Response"":{""status"":{""version"": ""1.0.0"",""code"": ""401"",""msg"": ""Unauthorized"",""total"": ""0"",""page"": """
16241060010000,"1541 S KEDZIE AVE, CHICAGO, IL, 60623",UNKNOWN,N/A,NONE,0,N/A,,,,,N/A,N/A,,,failed,"HTTP 401: {""Response"":{""status"":{""version"": ""1.0.0"",""code"": ""401"",""msg"": ""Unauthorized"",""total"": ""0"",""page"": """
16133180080000,"2941 W ARTHINGTON ST, CHICAGO, IL, 60612",UNKNOWN,N/A,NONE,0,N/A,,,,,N/A,N/A,,,failed,"HTTP 401: {""Response"":{""status"":{""version"": ""1.0.0"",""code"": ""401"",""msg"": ""Unauthorized"",""total"": ""0"",""page"": """
16104020280000,"4124 W CARROLL AVE, CHICAGO, IL, 60624",UNKNOWN,N/A,NONE,0,N/A,,,,,N/A,N/A,,,failed,"HTTP 401: {""Response"":{""status"":{""version"": ""1.0.0"",""code"": ""401"",""msg"": ""Unauthorized"",""total"": ""0"",""page"": """
20162050320000,"5546 S PERRY AVE, CHICAGO, IL, 60621",UNKNOWN,N/A,NONE,0,N/A,,,,,N/A,N/A,,,failed,"HTTP 401: {""Response"":{""status"":{""version"": ""1.0.0"",""code"": ""401"",""msg"": ""Unauthorized"",""total"": ""0"",""page"": """
20272210230000,"7302 S LANGLEY AVE, CHICAGO, IL, 60619",UNKNOWN,N/A,NONE,0,N/A,,,,,N/A,N/A,,,failed,"HTTP 401: {""Response"":{""status"":{""version"": ""1.0.0"",""code"": ""401"",""msg"": ""Unauthorized"",""total"": ""0"",""page"": """
20174220100000,"6131 S PEORIA ST, CHICAGO, IL, 60621",UNKNOWN,N/A,NONE,0,N/A,,,,,N/A,N/A,,,failed,"HTTP 401: {""Response"":{""status"":{""version"": ""1.0.0"",""code"": ""401"",""msg"": ""Unauthorized"",""total"": ""0"",""page"": """
25164030080000,"10723 S WENTWORTH AVE, CHICAGO, IL, 60628",UNKNOWN,N/A,NONE,0,N/A,,,,,N/A,N/A,,,failed,"HTTP 401: {""Response"":{""status"":{""version"": ""1.0.0"",""code"": ""401"",""msg"": ""Unauthorized"",""total"": ""0"",""page"": """
25213300110000,"11829 S UNION AVE, CHICAGO, IL, 60628",UNKNOWN,N/A,NONE,0,N/A,,,,,N/A,N/A,,,failed,"HTTP 401: {""Response"":{""status"":{""version"": ""1.0.0"",""code"": ""401"",""msg"": ""Unauthorized"",""total"": ""0"",""page"": """
20263120270000,"7718 S DREXEL AVE 2, CHICAGO, IL, 60619",UNKNOWN,N/A,NONE,0,N/A,,,,,N/A,N/A,,,failed,"HTTP 401: {""Response"":{""status"":{""version"": ""1.0.0"",""code"": ""401"",""msg"": ""Unauthorized"",""total"": ""0"",""page"": """
16224010270000,"4254 W 17TH ST, CHICAGO, IL 60601",UNKNOWN,N/A,NONE,0,N/A,,,,,N/A,N/A,,,failed,"HTTP 401: {""Response"":{""status"":{""version"": ""1.0.0"",""code"": ""401"",""msg"": ""Unauthorized"",""total"": ""0"",""page"": """
16131020150000,"27 S WHIPPLE ST, CHICAGO, IL, 60612",UNKNOWN,N/A,NONE,0,N/A,,,,,N/A,N/A,,,failed,"HTTP 401: {""Response"":{""status"":{""version"": ""1.0.0"",""code"": ""401"",""msg"": ""Unauthorized"",""total"": ""0"",""page"": """
31163110250000,"375 W CENTRAL AVE, MATTESON, IL, 60443",UNKNOWN,N/A,NONE,0,N/A,,,,,N/A,N/A,,,failed,"HTTP 401: {""Response"":{""status"":{""version"": ""1.0.0"",""code"": ""401"",""msg"": ""Unauthorized"",""total"": ""0"",""page"": """
16112010230000,"740 N SAINT LOUIS AVE, CHICAGO, IL, 60624",UNKNOWN,N/A,NONE,0,N/A,,,,,N/A,N/A,,,failed,"HTTP 401: {""Response"":{""status"":{""version"": ""1.0.0"",""code"": ""401"",""msg"": ""Unauthorized"",""total"": ""0"",""page"": """
16241060020000,"1543 S KEDZIE AVE, CHICAGO, IL, 60623",UNKNOWN,N/A,NONE,0,N/A,,,,,N/A,N/A,,,failed,"HTTP 401: {""Response"":{""status"":{""version"": ""1.0.0"",""code"": ""401"",""msg"": ""Unauthorized"",""total"": ""0"",""page"": """
16131040120000,"2941 W MONROE ST, CHICAGO, IL, 60612",UNKNOWN,N/A,NONE,0,N/A,,,,,N/A,N/A,,,failed,"HTTP 401: {""Response"":{""status"":{""version"": ""1.0.0"",""code"": ""401"",""msg"": ""Unauthorized"",""total"": ""0"",""page"": """
16222040060000,"4141 W ROOSEVELT RD, CHICAGO, IL, 60624",UNKNOWN,N/A,NONE,0,N/A,,,,,N/A,N/A,,,failed,"HTTP 401: {""Response"":{""status"":{""version"": ""1.0.0"",""code"": ""401"",""msg"": ""Unauthorized"",""total"": ""0"",""page"": """
20182080220000,"5606 S WINCHESTER AVE, CHICAGO, IL, 60636",UNKNOWN,N/A,NONE,0,N/A,,,,,N/A,N/A,,,failed,"HTTP 401: {""Response"":{""status"":{""version"": ""1.0.0"",""code"": ""401"",""msg"": ""Unauthorized"",""total"": ""0"",""page"": """
20174180190000,"6139 S ABERDEEN ST, CHICAGO, IL, 60621",UNKNOWN,N/A,NONE,0,N/A,,,,,N/A,N/A,,,failed,"HTTP 401: {""Response"":{""status"":{""version"": ""1.0.0"",""code"": ""401"",""msg"": ""Unauthorized"",""total"": ""0"",""page"": """
20302170150000,"7337 S WINCHESTER AVE, CHICAGO, IL, 60636",UNKNOWN,N/A,NONE,0,N/A,,,,,N/A,N/A,,,failed,"HTTP 401: {""Response"":{""status"":{""version"": ""1.0.0"",""code"": ""401"",""msg"": ""Unauthorized"",""total"": ""0"",""page"": """
25013100470000,"9251 S STONY ISLAND AVE, CHICAGO, IL, 60617",UNKNOWN,N/A,NONE,0,N/A,,,,,N/A,N/A,,,failed,"HTTP 401: {""Response"":{""status"":{""version"": ""1.0.0"",""code"": ""401"",""msg"": ""Unauthorized"",""total"": ""0"",""page"": """
16224280140000,"4015 W 21ST PL 1, CHICAGO, IL, 60623",UNKNOWN,N/A,NONE,0,N/A,,,,,N/A,N/A,,,failed,"HTTP 401: {""Response"":{""status"":{""version"": ""1.0.0"",""code"": ""401"",""msg"": ""Unauthorized"",""total"": ""0"",""page"": """
16224010250000,"4258 W 17TH ST, CHICAGO, IL 60601",UNKNOWN,N/A,NONE,0,N/A,,,,,N/A,N/A,,,failed,"HTTP 401: {""Response"":{""status"":{""version"": ""1.0.0"",""code"": ""401"",""msg"": ""Unauthorized"",""total"": ""0"",""page"": """
15152000170000,"28 S 16TH AVE, MAYWOOD, IL, 60153",UNKNOWN,N/A,NONE,0,N/A,,,,,N/A,N/A,,,failed,"HTTP 401: {""Response"":{""status"":{""version"": ""1.0.0"",""code"": ""401"",""msg"": ""Unauthorized"",""total"": ""0"",""page"": """
31163090680000,"400 W CENTRAL AVE, MATTESON, IL, 60443",UNKNOWN,N/A,NONE,0,N/A,,,,,N/A,N/A,,,failed,"HTTP 401: {""Response"":{""status"":{""version"": ""1.0.0"",""code"": ""401"",""msg"": ""Unauthorized"",""total"": ""0"",""page"": """
16222230330000,"1548 S KOLIN AVE, CHICAGO, IL, 60623",UNKNOWN,N/A,NONE,0,N/A,,,,,N/A,N/A,,,failed,"HTTP 401: {""Response"":{""status"":{""version"": ""1.0.0"",""code"": ""401"",""msg"": ""Unauthorized"",""total"": ""0"",""page"": """
16153170200000,"740 S KENNETH AVE, CHICAGO, IL, 60624",UNKNOWN,N/A,NONE,0,N/A,,,,,N/A,N/A,,,failed,"HTTP 401: {""Response"":{""status"":{""version"": ""1.0.0"",""code"": ""401"",""msg"": ""Unauthorized"",""total"": ""0"",""page"": """
16131100100000,"2941 W WILCOX ST, CHICAGO, IL, 60612",UNKNOWN,N/A,NONE,0,N/A,,,,,N/A,N/A,,,failed,"HTTP 401: {""Response"":{""status"":{""version"": ""1.0.0"",""code"": ""401"",""msg"": ""Unauthorized"",""total"": ""0"",""page"": """
16104020200000,"4142 W CARROLL AVE, CHICAGO, IL, 60624",UNKNOWN,N/A,NONE,0,N/A,,,,,N/A,N/A,,,failed,"HTTP 401: {""Response"":{""status"":{""version"": ""1.0.0"",""code"": ""401"",""msg"": ""Unauthorized"",""total"": ""0"",""page"": """
20162060270000,"5607 S PERRY AVE, CHICAGO, IL, 60621",UNKNOWN,N/A,NONE,0,N/A,,,,,N/A,N/A,,,failed,"HTTP 401: {""Response"":{""status"":{""version"": ""1.0.0"",""code"": ""401"",""msg"": ""Unauthorized"",""total"": ""0"",""page"": """
20251240130000,"7344 S RIDGELAND AVE, CHICAGO, IL, 60649",UNKNOWN,N/A,NONE,0,N/A,,,,,N/A,N/A,,,failed,"HTTP 401: {""Response"":{""status"":{""version"": ""1.0.0"",""code"": ""401"",""msg"": ""Unauthorized"",""total"": ""0"",""page"": """
19134220130000,"6141 S CAMPBELL AVE, CHICAGO, IL, 60629",UNKNOWN,N/A,NONE,0,N/A,,,,,N/A,N/A,,,failed,"HTTP 401: {""Response"":{""status"":{""version"": ""1.0.0"",""code"": ""401"",""msg"": ""Unauthorized"",""total"": ""0"",""page"": """
25212160340000,"11346 S HARVARD AVE, CHICAGO, IL, 60628",UNKNOWN,N/A,NONE,0,N/A,,,,,N/A,N/A,,,failed,"HTTP 401: {""Response"":{""status"":{""version"": ""1.0.0"",""code"": ""401"",""msg"": ""Unauthorized"",""total"": ""0"",""page"": """
20353090390000,"8544 S MARYLAND AVE, CHICAGO, IL, 60619",UNKNOWN,N/A,NONE,0,N/A,,,,,N/A,N/A,,,failed,"HTTP 401: {""Response"":{""status"":{""version"": ""1.0.0"",""code"": ""401"",""msg"": ""Unauthorized"",""total"": ""0"",""page"": """
29044300060000,"14509 S MICHIGAN AVE, RIVERDALE, IL, 60827",UNKNOWN,N/A,NONE,0,N/A,,,,,N/A,N/A,,,failed,"HTTP 401: {""Response"":{""status"":{""version"": ""1.0.0"",""code"": ""401"",""msg"": ""Unauthorized"",""total"": ""0"",""page"": """
15111330320000,"31 N 8TH AVE, MAYWOOD, IL, 60153",UNKNOWN,N/A,NONE,0,N/A,,,,,N/A,N/A,,,failed,"HTTP 401: {""Response"":{""status"":{""version"": ""1.0.0"",""code"": ""401"",""msg"": ""Unauthorized"",""total"": ""0"",""page"": """
31273130140000,"4506 POPLAR AVE, RICHTON PARK, IL, 60471",UNKNOWN,N/A,NONE,0,N/A,,,,,N/A,N/A,,,failed,"HTTP 401: {""Response"":{""status"":{""version"": ""1.0.0"",""code"": ""401"",""msg"": ""Unauthorized"",""total"": ""0"",""page"": """
16111280500000,"401 N SPRINGFIELD AVE, CHICAGO, IL, 60624",UNKNOWN,N/A,NONE,0,N/A,,,,,N/A,N/A,,,failed,"HTTP 401: {""Response"":{""status"":{""version"": ""1.0.0"",""code"": ""401"",""msg"": ""Unauthorized"",""total"": ""0"",""page"": """
25034110150000,"741 E 92ND ST, CHICAGO, IL, 60619",UNKNOWN,N/A,NONE,0,N/A,,,,,N/A,N/A,,,failed,"HTTP 401: {""Response"":{""status"":{""version"": ""1.0.0"",""code"": ""401"",""msg"": ""Unauthorized"",""total"": ""0"",""page"": """
16232260420000,"1552 S CHRISTIANA AVE, CHICAGO, IL, 60623",UNKNOWN,N/A,NONE,0,N/A,,,,,N/A,N/A,,,failed,"HTTP 401: {""Response"":{""status"":{""version"": ""1.0.0"",""code"": ""401"",""msg"": ""Unauthorized"",""total"": ""0"",""page"": """
16152180270000,"4142 W GLADYS AVE, CHICAGO, IL, 60624",UNKNOWN,N/A,NONE,0,N/A,,,,,N/A,N/A,,,failed,"HTTP 401: {""Response"":{""status"":{""version"": ""1.0.0"",""code"": ""401"",""msg"": ""Unauthorized"",""total"": ""0"",""page"": """
16133090220000,"3007 W LEXINGTON ST, CHICAGO, IL, 60612",UNKNOWN,N/A,NONE,0,N/A,,,,,N/A,N/A,,,failed,"HTTP 401: {""Response"":{""status"":{""version"": ""1.0.0"",""code"": ""401"",""msg"": ""Unauthorized"",""total"": ""0"",""page"": """
20182080230000,"5610 S WINCHESTER AVE, CHICAGO, IL, 60636",UNKNOWN,N/A,NONE,0,N/A,,,,,N/A,N/A,,,failed,"HTTP 401: {""Response"":{""status"":{""version"": ""1.0.0"",""code"": ""401"",""msg"": ""Unauthorized"",""total"": ""0"",""page"": """
20173200410000,"6142 S ADA ST, CHICAGO, IL, 60636",UNKNOWN,N/A,NONE,0,N/A,,,,,N/A,N/A,,,failed,"HTTP 401: {""Response"":{""status"":{""version"": ""1.0.0"",""code"": ""401"",""msg"": ""Unauthorized"",""total"": ""0"",""page"": """
20251240140000,"7348 S RIDGELAND AVE, CHICAGO, IL, 60649",UNKNOWN,N/A,NONE,0,N/A,,,,,N/A,N/A,,,failed,"HTTP 401: {""Response"":{""status"":{""version"": ""1.0.0"",""code"": ""401"",""msg"": ""Unauthorized"",""total"": ""0"",""page"": """
25163210050000,"11013 S HALSTED ST, CHICAGO, IL, 60628",UNKNOWN,N/A,NONE,0,N/A,,,,,N/A,N/A,,,failed,"HTTP 401: {""Response"":{""status"":{""version"": ""1.0.0"",""code"": ""401"",""msg"": ""Unauthorized"",""total"": ""0"",""page"": """
25283020300000,"12314 S LOWE AVE 4, CHICAGO, IL, 60628",UNKNOWN,N/A,NONE,0,N/A,,,,,N/A,N/A,,,failed,"HTTP 401: {""Response"":{""status"":{""version"": ""1.0.0"",""code"": ""401"",""msg"": ""Unauthorized"",""total"": ""0"",""page"": """
16161040630000,"5328 W ADAMS ST, CHICAGO, IL, 60644",UNKNOWN,N/A,NONE,0,N/A,,,,,N/A,N/A,,,failed,"HTTP 401: {""Response"":{""status"":{""version"": ""1.0.0"",""code"": ""401"",""msg"": ""Unauthorized"",""total"": ""0"",""page"": """
16131020360000,"38 S SACRAMENTO AVE, CHICAGO, IL, 60612",UNKNOWN,N/A,NONE,0,N/A,,,,,N/A,N/A,,,failed,"HTTP 401: {""Response"":{""status"":{""version"": ""1.0.0"",""code"": ""401"",""msg"": ""Unauthorized"",""total"": ""0"",""page"": """
25162150280000,"10625 S PERRY AVE, CHICAGO, IL, 60628",UNKNOWN,N/A,NONE,0,N/A,,,,,N/A,N/A,,,failed,"HTTP 401: {""Response"":{""status"":{""version"": ""1.0.0"",""code"": ""401"",""msg"": ""Unauthorized"",""total"": ""0"",""page"": """
16091060270000,"744 N LARAMIE AVE, CHICAGO, IL, 60644",UNKNOWN,N/A,NONE,0,N/A,,,,,N/A,N/A,,,failed,"HTTP 401: {""Response"":{""status"":{""version"": ""1.0.0"",""code"": ""401"",""msg"": ""Unauthorized"",""total"": ""0"",""page"": """
16151290010000,"403 S KILBOURN AVE, CHICAGO, IL, 60624",UNKNOWN,N/A,NONE,0,N/A,,,,,N/A,N/A,,,failed,"HTTP 401: {""Response"":{""status"":{""version"": ""1.0.0"",""code"": ""401"",""msg"": ""Unauthorized"",""total"": ""0"",""page"": """
16131200050000,"3015 W JACKSON BLVD, CHICAGO, IL, 60612",UNKNOWN,N/A,NONE,0,N/A,,,,,N/A,N/A,,,failed,"HTTP 401: {""Response"":{""status"":{""version"": ""1.0.0"",""code"": ""401"",""msg"": ""Unauthorized"",""total"": ""0"",""page"": """
16232290210000,"1555 S SAWYER AVE, CHICAGO, IL, 60623",UNKNOWN,N/A,NONE,0,N/A,,,,,N/A,N/A,,,failed,"HTTP 401: {""Response"":{""status"":{""version"": ""1.0.0"",""code"": ""401"",""msg"": ""Unauthorized"",""total"": ""0"",""page"": """
16152180260000,"4146 W GLADYS AVE, CHICAGO, IL, 60624",UNKNOWN,N/A,NONE,0,N/A,,,,,N/A,N/A,,,failed,"HTTP 401: {""Response"":{""status"":{""version"": ""1.0.0"",""code"": ""401"",""msg"": ""Unauthorized"",""total"": ""0"",""page"": """
19134220350000,"6150 S ARTESIAN AVE, CHICAGO, IL, 60629",UNKNOWN,N/A,NONE,0,N/A,,,,,N/A,N/A,,,failed,"HTTP 401: {""Response"":{""status"":{""version"": ""1.0.0"",""code"": ""401"",""msg"": ""Unauthorized"",""total"": ""0"",""page"": """
20162000580000,"5612 S SHIELDS AVE, CHICAGO, IL, 60621",UNKNOWN,N/A,NONE,0,N/A,,,,,N/A,N/A,,,failed,"HTTP 401: {""Response"":{""status"":{""version"": ""1.0.0"",""code"": ""401"",""msg"": ""Unauthorized"",""total"": ""0"",""page"": """
20261230110000,"7400 S MARYLAND AVE, CHICAGO, IL, 60619",UNKNOWN,N/A,NONE,0,N/A,,,,,N/A,N/A,,,failed,"HTTP 401: {""Response"":{""status"":{""version"": ""1.0.0"",""code"": ""401"",""msg"": ""Unauthorized"",""total"": ""0"",""page"": """
25271310320000,"12346 S MICHIGAN AVE, CHICAGO, IL, 60628",UNKNOWN,N/A,NONE,0,N/A,,,,,N/A,N/A,,,failed,"HTTP 401: {""Response"":{""status"":{""version"": ""1.0.0"",""code"": ""401"",""msg"": ""Unauthorized"",""total"": ""0"",""page"": """
20201140080000,"6519 S LAFLIN ST 2, CHICAGO, IL, 60636",UNKNOWN,N/A,NONE,0,N/A,,,,,N/A,N/A,,,failed,"HTTP 401: {""Response"":{""status"":{""version"": ""1.0.0"",""code"": ""401"",""msg"": ""Unauthorized"",""total"": ""0"",""page"": """
16131010330000,"38 S WHIPPLE ST, CHICAGO, IL, 60612",UNKNOWN,N/A,NONE,0,N/A,,,,,N/A,N/A,,,failed,"HTTP 401: {""Response"":{""status"":{""version"": ""1.0.0"",""code"": ""401"",""msg"": ""Unauthorized"",""total"": ""0"",""page"": """
20182170230000,"5706 S WOLCOTT AVE, CHICAGO, IL, 60636",UNKNOWN,N/A,NONE,0,N/A,,,,,N/A,N/A,,,failed,"HTTP 401: {""Response"":{""status"":{""version"": ""1.0.0"",""code"": ""401"",""msg"": ""Unauthorized"",""total"": ""0"",""page"": """
16111290400000,"414 N HAMLIN AVE, CHICAGO, IL, 60624",UNKNOWN,N/A,NONE,0,N/A,,,,,N/A,N/A,,,failed,"HTTP 401: {""Response"":{""status"":{""version"": ""1.0.0"",""code"": ""401"",""msg"": ""Unauthorized"",""total"": ""0"",""page"": """
16153150040000,"804 S KOLMAR AVE, CHICAGO, IL, 60624",UNKNOWN,N/A,NONE,0,N/A,,,,,N/A,N/A,,,failed,"HTTP 401: {""Response"":{""status"":{""version"": ""1.0.0"",""code"": ""401"",""msg"": ""Unauthorized"",""total"": ""0"",""page"": """
16232260430000,"1558 S CHRISTIANA AVE, CHICAGO, IL, 60623",UNKNOWN,N/A,NONE,0,N/A,,,,,N/A,N/A,,,failed,"HTTP 401: {""Response"":{""status"":{""version"": ""1.0.0"",""code"": ""401"",""msg"": ""Unauthorized"",""total"": ""0"",""page"": """
16133050160000,"3021 W FLOURNOY ST, CHICAGO, IL, 60612",UNKNOWN,N/A,NONE,0,N/A,,,,,N/A,N/A,,,failed,"HTTP 401: {""Response"":{""status"":{""version"": ""1.0.0"",""code"": ""401"",""msg"": ""Unauthorized"",""total"": ""0"",""page"": """
16154270270000,"4146 W ROOSEVELT RD, CHICAGO, IL, 60624",UNKNOWN,N/A,NONE,0,N/A,,,,,N/A,N/A,,,failed,"HTTP 401: {""Response"":{""status"":{""version"": ""1.0.0"",""code"": ""401"",""msg"": ""Unauthorized"",""total"": ""0"",""page"": """
20172080300000,"5614 S MAY ST, CHICAGO, IL, 60621",UNKNOWN,N/A,NONE,0,N/A,,,,,N/A,N/A,,,failed,"HTTP 401: {""Response"":{""status"":{""version"": ""1.0.0"",""code"": ""401"",""msg"": ""Unauthorized"",""total"": ""0"",""page"": """
20173270430000,"6209 S LAFLIN ST, CHICAGO, IL, 60636",UNKNOWN,N/A,NONE,0,N/A,,,,,N/A,N/A,,,failed,"HTTP 401: {""Response"":{""status"":{""version"": ""1.0.0"",""code"": ""401"",""msg"": ""Unauthorized"",""total"": ""0"",""page"": """
20262250220000,"7410 S KENWOOD AVE, CHICAGO, IL, 60619",UNKNOWN,N/A,NONE,0,N/A,,,,,N/A,N/A,,,failed,"HTTP 401: {""Response"":{""status"":{""version"": ""1.0.0"",""code"": ""401"",""msg"": ""Unauthorized"",""total"": ""0"",""page"": """
25153000090000,"10725 S STATE ST, CHICAGO, IL, 60628",UNKNOWN,N/A,NONE,0,N/A,,,,,N/A,N/A,,,failed,"HTTP 401: {""Response"":{""status"":{""version"": ""1.0.0"",""code"": ""401"",""msg"": ""Unauthorized"",""total"": ""0"",""page"": """
25213290300000,"11832 S UNION AVE, CHICAGO, IL, 60628",UNKNOWN,N/A,NONE,0,N/A,,,,,N/A,N/A,,,failed,"HTTP 401: {""Response"":{""status"":{""version"": ""1.0.0"",""code"": ""401"",""msg"": ""Unauthorized"",""total"": ""0"",""page"": """
20161230040000,"5800 S WALLACE ST, CHICAGO, IL 60601",UNKNOWN,N/A,NONE,0,N/A,,,,,N/A,N/A,,,failed,"HTTP 401: {""Response"":{""status"":{""version"": ""1.0.0"",""code"": ""401"",""msg"": ""Unauthorized"",""total"": ""0"",""page"": """
16131010190000,"39 S ALBANY AVE, CHICAGO, IL, 60612",UNKNOWN,N/A,NONE,0,N/A,,,,,N/A,N/A,,,failed,"HTTP 401: {""Response"":{""status"":{""version"": ""1.0.0"",""code"": ""401"",""msg"": ""Unauthorized"",""total"": ""0"",""page"": """
16161190310000,"414 S LARAMIE AVE, CHICAGO, IL, 60644",UNKNOWN,N/A,NONE,0,N/A,,,,,N/A,N/A,,,failed,"HTTP 401: {""Response"":{""status"":{""version"": ""1.0.0"",""code"": ""401"",""msg"": ""Unauthorized"",""total"": ""0"",""page"": """
16232280210000,"1559 S SPAULDING AVE, CHICAGO, IL, 60623",UNKNOWN,N/A,NONE,0,N/A,,,,,N/A,N/A,,,failed,"HTTP 401: {""Response"":{""status"":{""version"": ""1.0.0"",""code"": ""401"",""msg"": ""Unauthorized"",""total"": ""0"",""page"": """
25021040480000,"807 E 88TH ST D, CHICAGO, IL, 60619",UNKNOWN,N/A,NONE,0,N/A,,,,,N/A,N/A,,,failed,"HTTP 401: {""Response"":{""status"":{""version"": ""1.0.0"",""code"": ""401"",""msg"": ""Unauthorized"",""total"": ""0"",""page"": """
16133170030000,"3051 W ARTHINGTON ST, CHICAGO, IL, 60612",UNKNOWN,N/A,NONE,0,N/A,,,,,N/A,N/A,,,failed,"HTTP 401: {""Response"":{""status"":{""version"": ""1.0.0"",""code"": ""401"",""msg"": ""Unauthorized"",""total"": ""0"",""page"": """
16104020160000,"4152 W CARROLL AVE, CHICAGO, IL, 60624",UNKNOWN,N/A,NONE,0,N/A,,,,,N/A,N/A,,,failed,"HTTP 401: {""Response"":{""status"":{""version"": ""1.0.0"",""code"": ""401"",""msg"": ""Unauthorized"",""total"": ""0"",""page"": """
20182100260000,"5616 S HONORE ST, CHICAGO, IL, 60636",UNKNOWN,N/A,NONE,0,N/A,,,,,N/A,N/A,,,failed,"HTTP 401: {""Response"":{""status"":{""version"": ""1.0.0"",""code"": ""401"",""msg"": ""Unauthorized"",""total"": ""0"",""page"": """
20192030140000,"6331 S HONORE ST, CHICAGO, IL, 60636",UNKNOWN,N/A,NONE,0,N/A,,,,,N/A,N/A,,,failed,"HTTP 401: {""Response"":{""status"":{""version"": ""1.0.0"",""code"": ""401"",""msg"": ""Unauthorized"",""total"": ""0"",""page"": """
20281240060000,"7419 S NORMAL AVE, CHICAGO, IL, 60621",UNKNOWN,N/A,NONE,0,N/A,,,,,N/A,N/A,,,failed,"HTTP 401: {""Response"":{""status"":{""version"": ""1.0.0"",""code"": ""401"",""msg"": ""Unauthorized"",""total"": ""0"",""page"": """
25044090390000,"9301 S LASALLE ST, CHICAGO, IL, 60620",UNKNOWN,N/A,NONE,0,N/A,,,,,N/A,N/A,,,failed,"HTTP 401: {""Response"":{""status"":{""version"": ""1.0.0"",""code"": ""401"",""msg"": ""Unauthorized"",""total"": ""0"",""page"": """
16152110070000,"4045 W WILCOX ST 2, CHICAGO, IL, 60624",UNKNOWN,N/A,NONE,0,N/A,,,,,N/A,N/A,,,failed,"HTTP 401: {""Response"":{""status"":{""version"": ""1.0.0"",""code"": ""401"",""msg"": ""Unauthorized"",""total"": ""0"",""page"": """
20181230050000,"5816 S HOYNE AVE, CHICAGO, IL 60601",UNKNOWN,N/A,NONE,0,N/A,,,,,N/A,N/A,,,failed,"HTTP 401: {""Response"":{""status"":{""version"": ""1.0.0"",""code"": ""401"",""msg"": ""Unauthorized"",""total"": ""0"",""page"": """
25212300060000,"41 W 114TH PL, CHICAGO, IL, 60628",UNKNOWN,N/A,NONE,0,N/A,,,,,N/A,N/A,,,failed,"HTTP 401: {""Response"":{""status"":{""version"": ""1.0.0"",""code"": ""401"",""msg"": ""Unauthorized"",""total"": ""0"",""page"": """
16111280170000,"417 N SPRINGFIELD AVE, CHICAGO, IL, 60624",UNKNOWN,N/A,NONE,0,N/A,,,,,N/A,N/A,,,failed,"HTTP 401: {""Response"":{""status"":{""version"": ""1.0.0"",""code"": ""401"",""msg"": ""Unauthorized"",""total"": ""0"",""page"": """
16154100360000,"808 S KEDVALE AVE, CHICAGO, IL, 60624",UNKNOWN,N/A,NONE,0,N/A,,,,,N/A,N/A,,,failed,"HTTP 401: {""Response"":{""status"":{""version"": ""1.0.0"",""code"": ""401"",""msg"": ""Unauthorized"",""total"": ""0"",""page"": """
16241060070000,"1561 S KEDZIE AVE, CHICAGO, IL, 60623",UNKNOWN,N/A,NONE,0,N/A,,,,,N/A,N/A,,,failed,"HTTP 401: {""Response"":{""status"":{""version"": ""1.0.0"",""code"": ""401"",""msg"": ""Unauthorized"",""total"": ""0"",""page"": """
16133170020000,"3055 W ARTHINGTON ST, CHICAGO, IL, 60612",UNKNOWN,N/A,NONE,0,N/A,,,,,N/A,N/A,,,failed,"HTTP 401: {""Response"":{""status"":{""version"": ""1.0.0"",""code"": ""401"",""msg"": ""Unauthorized"",""total"": ""0"",""page"": """
20172080310000,"5616 S MAY ST, CHICAGO, IL, 60621",UNKNOWN,N/A,NONE,0,N/A,,,,,N/A,N/A,,,failed,"HTTP 401: {""Response"":{""status"":{""version"": ""1.0.0"",""code"": ""401"",""msg"": ""Unauthorized"",""total"": ""0"",""page"": """
16152060010000,"4159 W MONROE ST, CHICAGO, IL, 60624",UNKNOWN,N/A,NONE,0,N/A,,,,,N/A,N/A,,,failed,"HTTP 401: {""Response"":{""status"":{""version"": ""1.0.0"",""code"": ""401"",""msg"": ""Unauthorized"",""total"": ""0"",""page"": """
20222010340000,"6335 S VERNON AVE, CHICAGO, IL, 60637",UNKNOWN,N/A,NONE,0,N/A,,,,,N/A,N/A,,,failed,"HTTP 401: {""Response"":{""status"":{""version"": ""1.0.0"",""code"": ""401"",""msg"": ""Unauthorized"",""total"": ""0"",""page"": """
20272290120000,"7435 S CHAMPLAIN AVE, CHICAGO, IL, 60619",UNKNOWN,N/A,NONE,0,N/A,,,,,N/A,N/A,,,failed,"HTTP 401: {""Response"":{""status"":{""version"": ""1.0.0"",""code"": ""401"",""msg"": ""Unauthorized"",""total"": ""0"",""page"": """
25212250090000,"11415 S HARVARD AVE, CHICAGO, IL, 60628",UNKNOWN,N/A,NONE,0,N/A,,,,,N/A,N/A,,,failed,"HTTP 401: {""Response"":{""status"":{""version"": ""1.0.0"",""code"": ""401"",""msg"": ""Unauthorized"",""total"": ""0"",""page"": """
21322100200000,"8553 S BUFFALO AVE, CHICAGO, IL, 60617",UNKNOWN,N/A,NONE,0,N/A,,,,,N/A,N/A,,,failed,"HTTP 401: {""Response"":{""status"":{""version"": ""1.0.0"",""code"": ""401"",""msg"": ""Unauthorized"",""total"": ""0"",""page"": """
20271020020000,"115 E 71ST ST 1, CHICAGO, IL, 60619",UNKNOWN,N/A,NONE,0,N/A,,,,,N/A,N/A,,,failed,"HTTP 401: {""Response"":{""status"":{""version"": ""1.0.0"",""code"": ""401"",""msg"": ""Unauthorized"",""total"": ""0"",""page"": """
20171280220000,"5825 S LOOMIS BLVD, CHICAGO, IL 60601",UNKNOWN,N/A,NONE,0,N/A,,,,,N/A,N/A,,,failed,"HTTP 401: {""Response"":{""status"":{""version"": ""1.0.0"",""code"": ""401"",""msg"": ""Unauthorized"",""total"": ""0"",""page"": """
25103220370000,"50 E 102ND PL, CHICAGO, IL, 60628",UNKNOWN,N/A,NONE,0,N/A,,,,,N/A,N/A,,,failed,"HTTP 401: {""Response"":{""status"":{""version"": ""1.0.0"",""code"": ""401"",""msg"": ""Unauthorized"",""total"": ""0"",""page"": """
20154010290000,"418 E 61ST ST, CHICAGO, IL, 60637",UNKNOWN,N/A,NONE,0,N/A,,,,,N/A,N/A,,,failed,"HTTP 401: {""Response"":{""status"":{""version"": ""1.0.0"",""code"": ""401"",""msg"": ""Unauthorized"",""total"": ""0"",""page"": """
16234030010000,"1601 S TRUMBULL AVE, CHICAGO, IL, 60623",UNKNOWN,N/A,NONE,0,N/A,,,,,N/A,N/A,,,failed,"HTTP 401: {""Response"":{""status"":{""version"": ""1.0.0"",""code"": ""401"",""msg"": ""Unauthorized"",""total"": ""0"",""page"": """
16153150060000,"808 S KOLMAR AVE, CHICAGO, IL, 60624",UNKNOWN,N/A,NONE,0,N/A,,,,,N/A,N/A,,,failed,"HTTP 401: {""Response"":{""status"":{""version"": ""1.0.0"",""code"": ""401"",""msg"": ""Unauthorized"",""total"": ""0"",""page"": """
16131130090000,"3107 W FIFTH AVE, CHICAGO, IL, 60612",UNKNOWN,N/A,NONE,0,N/A,,,,,N/A,N/A,,,failed,"HTTP 401: {""Response"":{""status"":{""version"": ""1.0.0"",""code"": ""401"",""msg"": ""Unauthorized"",""total"": ""0"",""page"": """
16104050180000,"4217 W CARROLL AVE, CHICAGO, IL, 60624",UNKNOWN,N/A,NONE,0,N/A,,,,,N/A,N/A,,,failed,"HTTP 401: {""Response"":{""status"":{""version"": ""1.0.0"",""code"": ""401"",""msg"": ""Unauthorized"",""total"": ""0"",""page"": """
20171090300000,"5620 S LAFLIN ST, CHICAGO, IL, 60636",UNKNOWN,N/A,NONE,0,N/A,,,,,N/A,N/A,,,failed,"HTTP 401: {""Response"":{""status"":{""version"": ""1.0.0"",""code"": ""401"",""msg"": ""Unauthorized"",""total"": ""0"",""page"": """
20261290070000,"7440 S SOUTH CHICAGO AVE, CHICAGO, IL, 60619",UNKNOWN,N/A,NONE,0,N/A,,,,,N/A,N/A,,,failed,"HTTP 401: {""Response"":{""status"":{""version"": ""1.0.0"",""code"": ""401"",""msg"": ""Unauthorized"",""total"": ""0"",""page"": """
20202020200000,"6349 S ABERDEEN ST, CHICAGO, IL, 60621",UNKNOWN,N/A,NONE,0,N/A,,,,,N/A,N/A,,,failed,"HTTP 401: {""Response"":{""status"":{""version"": ""1.0.0"",""code"": ""401"",""msg"": ""Unauthorized"",""total"": ""0"",""page"": """
25211070390000,"11136 S STEWART AVE, CHICAGO, IL, 60628",UNKNOWN,N/A,NONE,0,N/A,,,,,N/A,N/A,,,failed,"HTTP 401: {""Response"":{""status"":{""version"": ""1.0.0"",""code"": ""401"",""msg"": ""Unauthorized"",""total"": ""0"",""page"": """
20174220300000,"6130 S GREEN ST, CHICAGO, IL, 60621",UNKNOWN,N/A,NONE,0,N/A,,,,,N/A,N/A,,,failed,"HTTP 401: {""Response"":{""status"":{""version"": ""1.0.0"",""code"": ""401"",""msg"": ""Unauthorized"",""total"": ""0"",""page"": """
16093200130000,"50 N LONG AVE, CHICAGO, IL, 60644",UNKNOWN,N/A,NONE,0,N/A,,,,,N/A,N/A,,,failed,"HTTP 401: {""Response"":{""status"":{""version"": ""1.0.0"",""code"": ""401"",""msg"": ""Unauthorized"",""total"": ""0"",""page"": """
15103310230000,"828 S 17TH AVE, MAYWOOD, IL, 60153",UNKNOWN,N/A,NONE,0,N/A,,,,,N/A,N/A,,,failed,"HTTP 401: {""Response"":{""status"":{""version"": ""1.0.0"",""code"": ""401"",""msg"": ""Unauthorized"",""total"": ""0"",""page"": """
16111290160000,"419 N AVERS AVE, CHICAGO, IL, 60624",UNKNOWN,N/A,NONE,0,N/A,,,,,N/A,N/A,,,failed,"HTTP 401: {""Response"":{""status"":{""version"": ""1.0.0"",""code"": ""401"",""msg"": ""Unauthorized"",""total"": ""0"",""page"": """
16234010440000,"1602 S SAINT LOUIS AVE, CHICAGO, IL, 60623",UNKNOWN,N/A,NONE,0,N/A,,,,,N/A,N/A,,,failed,"HTTP 401: {""Response"":{""status"":{""version"": ""1.0.0"",""code"": ""401"",""msg"": ""Unauthorized"",""total"": ""0"",""page"": """
16133120400000,"3110 W ARTHINGTON ST, CHICAGO, IL, 60612",UNKNOWN,N/A,NONE,0,N/A,,,,,N/A,N/A,,,failed,"HTTP 401: {""Response"":{""status"":{""version"": ""1.0.0"",""code"": ""401"",""msg"": ""Unauthorized"",""total"": ""0"",""page"": """
16104050170000,"4219 W CARROLL AVE, CHICAGO, IL, 60624",UNKNOWN,N/A,NONE,0,N/A,,,,,N/A,N/A,,,failed,"HTTP 401: {""Response"":{""status"":{""version"": ""1.0.0"",""code"": ""401"",""msg"": ""Unauthorized"",""total"": ""0"",""page"": """
20192100280000,"6420 S HONORE ST, CHICAGO, IL, 60636",UNKNOWN,N/A,NONE,0,N/A,,,,,N/A,N/A,,,failed,"HTTP 401: {""Response"":{""status"":{""version"": ""1.0.0"",""code"": ""401"",""msg"": ""Unauthorized"",""total"": ""0"",""page"": """
20172120280000,"5622 S SANGAMON ST, CHICAGO, IL, 60621",UNKNOWN,N/A,NONE,0,N/A,,,,,N/A,N/A,,,failed,"HTTP 401: {""Response"":{""status"":{""version"": ""1.0.0"",""code"": ""401"",""msg"": ""Unauthorized"",""total"": ""0"",""page"": """
20263000330000,"7534 S MARYLAND AVE, CHICAGO, IL, 60619",UNKNOWN,N/A,NONE,0,N/A,,,,,N/A,N/A,,,failed,"HTTP 401: {""Response"":{""status"":{""version"": ""1.0.0"",""code"": ""401"",""msg"": ""Unauthorized"",""total"": ""0"",""page"": """
20213040030000,"6711 S PARNELL AVE 1, CHICAGO, IL, 60621",UNKNOWN,N/A,NONE,0,N/A,,,,,N/A,N/A,,,failed,"HTTP 401: {""Response"":{""status"":{""version"": ""1.0.0"",""code"": ""401"",""msg"": ""Unauthorized"",""total"": ""0"",""page"": """
20222080110000,"6441 S MARTIN LUTHER KING DR, CHICAGO, IL 60601",UNKNOWN,N/A,NONE,0,N/A,,,,,N/A,N/A,,,failed,"HTTP 401: {""Response"":{""status"":{""version"": ""1.0.0"",""code"": ""401"",""msg"": ""Unauthorized"",""total"": ""0"",""page"": """
16111280160000,"419 N SPRINGFIELD AVE, CHICAGO, IL, 60624",UNKNOWN,N/A,NONE,0,N/A,,,,,N/A,N/A,,,failed,"HTTP 401: {""Response"":{""status"":{""version"": ""1.0.0"",""code"": ""401"",""msg"": ""Unauthorized"",""total"": ""0"",""page"": """
25214200110000,"54 W 118TH ST, CHICAGO, IL, 60628",UNKNOWN,N/A,NONE,0,N/A,,,,,N/A,N/A,,,failed,"HTTP 401: {""Response"":{""status"":{""version"": ""1.0.0"",""code"": ""401"",""msg"": ""Unauthorized"",""total"": ""0"",""page"": """
16234010220000,"1606 S SAINT LOUIS AVE, CHICAGO, IL, 60623",UNKNOWN,N/A,NONE,0,N/A,,,,,N/A,N/A,,,failed,"HTTP 401: {""Response"":{""status"":{""version"": ""1.0.0"",""code"": ""401"",""msg"": ""Unauthorized"",""total"": ""0"",""page"": """
16133000260000,"3114 W FLOURNOY ST, CHICAGO, IL, 60612",UNKNOWN,N/A,NONE,0,N/A,,,,,N/A,N/A,,,failed,"HTTP 401: {""Response"":{""status"":{""version"": ""1.0.0"",""code"": ""401"",""msg"": ""Unauthorized"",""total"": ""0"",""page"": """
16023270100000,"833 N SPRINGFIELD AVE, CHICAGO, IL, 60651",UNKNOWN,N/A,NONE,0,N/A,,,,,N/A,N/A,,,failed,"HTTP 401: {""Response"":{""status"":{""version"": ""1.0.0"",""code"": ""401"",""msg"": ""Unauthorized"",""total"": ""0"",""page"": """
16152090120000,"4229 W WILCOX ST, CHICAGO, IL, 60624",UNKNOWN,N/A,NONE,0,N/A,,,,,N/A,N/A,,,failed,"HTTP 401: {""Response"":{""status"":{""version"": ""1.0.0"",""code"": ""401"",""msg"": ""Unauthorized"",""total"": ""0"",""page"": """
20171100100000,"5623 S LAFLIN ST, CHICAGO, IL, 60636",UNKNOWN,N/A,NONE,0,N/A,,,,,N/A,N/A,,,failed,"HTTP 401: {""Response"":{""status"":{""version"": ""1.0.0"",""code"": ""401"",""msg"": ""Unauthorized"",""total"": ""0"",""page"": """
20192130290000,"6428 S PAULINA ST, CHICAGO, IL, 60636",UNKNOWN,N/A,NONE,0,N/A,,,,,N/A,N/A,,,failed,"HTTP 401: {""Response"":{""status"":{""version"": ""1.0.0"",""code"": ""401"",""msg"": ""Unauthorized"",""total"": ""0"",""page"": """
20263020160000,"7535 S DREXEL AVE, CHICAGO, IL, 60619",UNKNOWN,N/A,NONE,0,N/A,,,,,N/A,N/A,,,failed,"HTTP 401: {""Response"":{""status"":{""version"": ""1.0.0"",""code"": ""401"",""msg"": ""Unauthorized"",""total"": ""0"",""page"": """
25153000160000,"10747 S STATE ST, CHICAGO, IL, 60628",UNKNOWN,N/A,NONE,0,N/A,,,,,N/A,N/A,,,failed,"HTTP 401: {""Response"":{""status"":{""version"": ""1.0.0"",""code"": ""401"",""msg"": ""Unauthorized"",""total"": ""0"",""page"": """
25213310130000,"11837 S LOWE AVE, CHICAGO, IL, 60628",UNKNOWN,N/A,NONE,0,N/A,,,,,N/A,N/A,,,failed,"HTTP 401: {""Response"":{""status"":{""version"": ""1.0.0"",""code"": ""401"",""msg"": ""Unauthorized"",""total"": ""0"",""page"": """
20222080120000,"6443 S MARTIN LUTHER KING DR, CHICAGO, IL 60601",UNKNOWN,N/A,NONE,0,N/A,,,,,N/A,N/A,,,failed,"HTTP 401: {""Response"":{""status"":{""version"": ""1.0.0"",""code"": ""401"",""msg"": ""Unauthorized"",""total"": ""0"",""page"": """
25033220350000,"58 E 95TH ST, CHICAGO, IL, 60619",UNKNOWN,N/A,NONE,0,N/A,,,,,N/A,N/A,,,failed,"HTTP 401: {""Response"":{""status"":{""version"": ""1.0.0"",""code"": ""401"",""msg"": ""Unauthorized"",""total"": ""0"",""page"": """
25093310310000,"420 W 103RD ST, CHICAGO, IL, 60628",UNKNOWN,N/A,NONE,0,N/A,,,,,N/A,N/A,,,failed,"HTTP 401: {""Response"":{""status"":{""version"": ""1.0.0"",""code"": ""401"",""msg"": ""Unauthorized"",""total"": ""0"",""page"": """
20172300270000,"854 W 59TH ST, CHICAGO, IL, 60621",UNKNOWN,N/A,NONE,0,N/A,,,,,N/A,N/A,,,failed,"HTTP 401: {""Response"":{""status"":{""version"": ""1.0.0"",""code"": ""401"",""msg"": ""Unauthorized"",""total"": ""0"",""page"": """
16234020020000,"1607 S SAINT LOUIS AVE, CHICAGO, IL, 60623",UNKNOWN,N/A,NONE,0,N/A,,,,,N/A,N/A,,,failed,"HTTP 401: {""Response"":{""status"":{""version"": ""1.0.0"",""code"": ""401"",""msg"": ""Unauthorized"",""total"": ""0"",""page"": """
16133160360000,"3122 W TAYLOR ST, CHICAGO, IL, 60612",UNKNOWN,N/A,NONE,0,N/A,,,,,N/A,N/A,,,failed,"HTTP 401: {""Response"":{""status"":{""version"": ""1.0.0"",""code"": ""401"",""msg"": ""Unauthorized"",""total"": ""0"",""page"": """
16152090110000,"4231 W WILCOX ST, CHICAGO, IL, 60624",UNKNOWN,N/A,NONE,0,N/A,,,,,N/A,N/A,,,failed,"HTTP 401: {""Response"":{""status"":{""version"": ""1.0.0"",""code"": ""401"",""msg"": ""Unauthorized"",""total"": ""0"",""page"": """
20162060760000,"5626 S LAFAYETTE AVE, CHICAGO, IL, 60621",UNKNOWN,N/A,NONE,0,N/A,,,,,N/A,N/A,,,failed,"HTTP 401: {""Response"":{""status"":{""version"": ""1.0.0"",""code"": ""401"",""msg"": ""Unauthorized"",""total"": ""0"",""page"": """
20192100100000,"6429 S WOLCOTT AVE, CHICAGO, IL, 60636",UNKNOWN,N/A,NONE,0,N/A,,,,,N/A,N/A,,,failed,"HTTP 401: {""Response"":{""status"":{""version"": ""1.0.0"",""code"": ""401"",""msg"": ""Unauthorized"",""total"": ""0"",""page"": """
21303100030000,"7619 S KINGSTON AVE, CHICAGO, IL, 60649",UNKNOWN,N/A,NONE,0,N/A,,,,,N/A,N/A,,,failed,"HTTP 401: {""Response"":{""status"":{""version"": ""1.0.0"",""code"": ""401"",""msg"": ""Unauthorized"",""total"": ""0"",""page"": """
26053130370000,"9638 S AVENUE M, CHICAGO, IL, 60617",UNKNOWN,N/A,NONE,0,N/A,,,,,N/A,N/A,,,failed,"HTTP 401: {""Response"":{""status"":{""version"": ""1.0.0"",""code"": ""401"",""msg"": ""Unauthorized"",""total"": ""0"",""page"": """
16104060120000,"4131 W CARROLL AVE 1, CHICAGO, IL, 60624",UNKNOWN,N/A,NONE,0,N/A,,,,,N/A,N/A,,,failed,"HTTP 401: {""Response"":{""status"":{""version"": ""1.0.0"",""code"": ""401"",""msg"": ""Unauthorized"",""total"": ""0"",""page"": """
26071350670000,"9748 S HOXIE AVE, CHICAGO, IL, 60617",UNKNOWN,N/A,NONE,0,N/A,,,,,N/A,N/A,,,failed,"HTTP 401: {""Response"":{""status"":{""version"": ""1.0.0"",""code"": ""401"",""msg"": ""Unauthorized"",""total"": ""0"",""page"": """
20331090370000,"8013 S EMERALD AVE, CHICAGO, IL, 60620",UNKNOWN,N/A,NONE,0,N/A,,,,,N/A,N/A,,,failed,"HTTP 401: {""Response"":{""status"":{""version"": ""1.0.0"",""code"": ""401"",""msg"": ""Unauthorized"",""total"": ""0"",""page"": """
25033220360000,"60 E 95TH ST, CHICAGO, IL, 60619",UNKNOWN,N/A,NONE,0,N/A,,,,,N/A,N/A,,,failed,"HTTP 401: {""Response"":{""status"":{""version"": ""1.0.0"",""code"": ""401"",""msg"": ""Unauthorized"",""total"": ""0"",""page"": """
20283320050000,"421 W WINNECONNA PKY, CHICAGO, IL, 60620",UNKNOWN,N/A,NONE,0,N/A,,,,,N/A,N/A,,,failed,"HTTP 401: {""Response"":{""status"":{""version"": ""1.0.0"",""code"": ""401"",""msg"": ""Unauthorized"",""total"": ""0"",""page"": """
16133180020000,"905 S SACRAMENTO AVE, CHICAGO, IL, 60612",UNKNOWN,N/A,NONE,0,N/A,,,,,N/A,N/A,,,failed,"HTTP 401: {""Response"":{""status"":{""version"": ""1.0.0"",""code"": ""401"",""msg"": ""Unauthorized"",""total"": ""0"",""page"": """
16131070200000,"3125 W MONROE ST, CHICAGO, IL, 60612",UNKNOWN,N/A,NONE,0,N/A,,,,,N/A,N/A,,,failed,"HTTP 401: {""Response"":{""status"":{""version"": ""1.0.0"",""code"": ""401"",""msg"": ""Unauthorized"",""total"": ""0"",""page"": """
16104010290000,"4232 W CARROLL AVE, CHICAGO, IL, 60624",UNKNOWN,N/A,NONE,0,N/A,,,,,N/A,N/A,,,failed,"HTTP 401: {""Response"":{""status"":{""version"": ""1.0.0"",""code"": ""401"",""msg"": ""Unauthorized"",""total"": ""0"",""page"": """
16234010230000,"1608 S SAINT LOUIS AVE, CHICAGO, IL, 60623",UNKNOWN,N/A,NONE,0,N/A,,,,,N/A,N/A,,,failed,"HTTP 401: {""Response"":{""status"":{""version"": ""1.0.0"",""code"": ""401"",""msg"": ""Unauthorized"",""total"": ""0"",""page"": """
20172120290000,"5626 S SANGAMON ST, CHICAGO, IL, 60621",UNKNOWN,N/A,NONE,0,N/A,,,,,N/A,N/A,,,failed,"HTTP 401: {""Response"":{""status"":{""version"": ""1.0.0"",""code"": ""401"",""msg"": ""Unauthorized"",""total"": ""0"",""page"": """
20192090430000,"6434 S WOLCOTT AVE, CHICAGO, IL, 60636",UNKNOWN,N/A,NONE,0,N/A,,,,,N/A,N/A,,,failed,"HTTP 401: {""Response"":{""status"":{""version"": ""1.0.0"",""code"": ""401"",""msg"": ""Unauthorized"",""total"": ""0"",""page"": """
20283120240000,"7636 S EGGLESTON AVE, CHICAGO, IL, 60620",UNKNOWN,N/A,NONE,0,N/A,,,,,N/A,N/A,,,failed,"HTTP 401: {""Response"":{""status"":{""version"": ""1.0.0"",""code"": ""401"",""msg"": ""Unauthorized"",""total"": ""0"",""page"": """
25212250100000,"11419 S HARVARD AVE, CHICAGO, IL, 60628",UNKNOWN,N/A,NONE,0,N/A,,,,,N/A,N/A,,,failed,"HTTP 401: {""Response"":{""status"":{""version"": ""1.0.0"",""code"": ""401"",""msg"": ""Unauthorized"",""total"": ""0"",""page"": """
20333050680000,"8640 S NORMAL AVE, CHICAGO, IL, 60620",UNKNOWN,N/A,NONE,0,N/A,,,,,N/A,N/A,,,failed,"HTTP 401: {""Response"":{""status"":{""version"": ""1.0.0"",""code"": ""401"",""msg"": ""Unauthorized"",""total"": ""0"",""page"": """
20211300120000,"442 W MARQUETTE RD 1W, CHICAGO, IL, 60621",UNKNOWN,N/A,NONE,0,N/A,,,,,N/A,N/A,,,failed,"HTTP 401: {""Response"":{""status"":{""version"": ""1.0.0"",""code"": ""401"",""msg"": ""Unauthorized"",""total"": ""0"",""page"": """
25214050620000,"100 W 116TH ST, CHICAGO, IL, 60628",UNKNOWN,N/A,NONE,0,N/A,,,,,N/A,N/A,,,failed,"HTTP 401: {""Response"":{""status"":{""version"": ""1.0.0"",""code"": ""401"",""msg"": ""Unauthorized"",""total"": ""0"",""page"": """
16023180390000,"918 N SPRINGFIELD AVE, CHICAGO, IL, 60651",UNKNOWN,N/A,NONE,0,N/A,,,,,N/A,N/A,,,failed,"HTTP 401: {""Response"":{""status"":{""version"": ""1.0.0"",""code"": ""401"",""msg"": ""Unauthorized"",""total"": ""0"",""page"": """
25093310300000,"422 W 103RD ST, CHICAGO, IL, 60628",UNKNOWN,N/A,NONE,0,N/A,,,,,N/A,N/A,,,failed,"HTTP 401: {""Response"":{""status"":{""version"": ""1.0.0"",""code"": ""401"",""msg"": ""Unauthorized"",""total"": ""0"",""page"": """
20314040330000,"8348 S PAULINA ST, CHICAGO, IL, 60620",UNKNOWN,N/A,NONE,0,N/A,,,,,N/A,N/A,,,failed,"HTTP 401: {""Response"":{""status"":{""version"": ""1.0.0"",""code"": ""401"",""msg"": ""Unauthorized"",""total"": ""0"",""page"": """
16234030020000,"1609 S TRUMBULL AVE, CHICAGO, IL, 60623",UNKNOWN,N/A,NONE,0,N/A,,,,,N/A,N/A,,,failed,"HTTP 401: {""Response"":{""status"":{""version"": ""1.0.0"",""code"": ""401"",""msg"": ""Unauthorized"",""total"": ""0"",""page"": """
16131070210000,"3125 W MONROE ST, CHICAGO, IL, 60612",UNKNOWN,N/A,NONE,0,N/A,,,,,N/A,N/A,,,failed,"HTTP 401: {""Response"":{""status"":{""version"": ""1.0.0"",""code"": ""401"",""msg"": ""Unauthorized"",""total"": ""0"",""page"": """
16154220100000,"4235 W FILLMORE ST, CHICAGO, IL, 60624",UNKNOWN,N/A,NONE,0,N/A,,,,,N/A,N/A,,,failed,"HTTP 401: {""Response"":{""status"":{""version"": ""1.0.0"",""code"": ""401"",""msg"": ""Unauthorized"",""total"": ""0"",""page"": """
20172120100000,"5629 S MORGAN ST, CHICAGO, IL, 60621",UNKNOWN,N/A,NONE,0,N/A,,,,,N/A,N/A,,,failed,"HTTP 401: {""Response"":{""status"":{""version"": ""1.0.0"",""code"": ""401"",""msg"": ""Unauthorized"",""total"": ""0"",""page"": """
20201140060000,"6515 S LAFLIN ST, CHICAGO, IL, 60636",UNKNOWN,N/A,NONE,0,N/A,,,,,N/A,N/A,,,failed,"HTTP 401: {""Response"":{""status"":{""version"": ""1.0.0"",""code"": ""401"",""msg"": ""Unauthorized"",""total"": ""0"",""page"": """
20274200260000,"7712 S CHAMPLAIN AVE, CHICAGO, IL, 60619",UNKNOWN,N/A,NONE,0,N/A,,,,,N/A,N/A,,,failed,"HTTP 401: {""Response"":{""status"":{""version"": ""1.0.0"",""code"": ""401"",""msg"": ""Unauthorized"",""total"": ""0"",""page"": """
26062110240000,"8800 S BALTIMORE AVE, CHICAGO, IL 60601",UNKNOWN,N/A,NONE,0,N/A,,,,,N/A,N/A,,,failed,"HTTP 401: {""Response"":{""status"":{""version"": ""1.0.0"",""code"": ""401"",""msg"": ""Unauthorized"",""total"": ""0"",""page"": """
20211290120000,"426 W 66TH PL, CHICAGO, IL, 60621",UNKNOWN,N/A,NONE,0,N/A,,,,,N/A,N/A,,,failed,"HTTP 401: {""Response"":{""status"":{""version"": ""1.0.0"",""code"": ""401"",""msg"": ""Unauthorized"",""total"": ""0"",""page"": """
32034030150000,"105 S WILLOW LN, GLENWOOD, IL, 60425",UNKNOWN,N/A,NONE,0,N/A,,,,,N/A,N/A,,,failed,"HTTP 401: {""Response"":{""status"":{""version"": ""1.0.0"",""code"": ""401"",""msg"": ""Unauthorized"",""total"": ""0"",""page"": """
16023190150000,"919 N SPRINGFIELD AVE, CHICAGO, IL, 60651",UNKNOWN,N/A,NONE,0,N/A,,,,,N/A,N/A,,,failed,"HTTP 401: {""Response"":{""status"":{""version"": ""1.0.0"",""code"": ""401"",""msg"": ""Unauthorized"",""total"": ""0"",""page"": """
15152340550000,"1610 N MAYWOOD DR, MAYWOOD, IL, 60153",UNKNOWN,N/A,NONE,0,N/A,,,,,N/A,N/A,,,failed,"HTTP 401: {""Response"":{""status"":{""version"": ""1.0.0"",""code"": ""401"",""msg"": ""Unauthorized"",""total"": ""0"",""page"": """
16104190070000,"4247 W WEST END AVE, CHICAGO, IL, 60624",UNKNOWN,N/A,NONE,0,N/A,,,,,N/A,N/A,,,failed,"HTTP 401: {""Response"":{""status"":{""version"": ""1.0.0"",""code"": ""401"",""msg"": ""Unauthorized"",""total"": ""0"",""page"": """
16131070400000,"3126 W FIFTH AVE, CHICAGO, IL, 60612",UNKNOWN,N/A,NONE,0,N/A,,,,,N/A,N/A,,,failed,"HTTP 401: {""Response"":{""status"":{""version"": ""1.0.0"",""code"": ""401"",""msg"": ""Unauthorized"",""total"": ""0"",""page"": """
20171150360000,"5630 S RACINE AVE, CHICAGO, IL, 60636",UNKNOWN,N/A,NONE,0,N/A,,,,,N/A,N/A,,,failed,"HTTP 401: {""Response"":{""status"":{""version"": ""1.0.0"",""code"": ""401"",""msg"": ""Unauthorized"",""total"": ""0"",""page"": """
20192160310000,"6522 S WINCHESTER AVE, CHICAGO, IL, 60636",UNKNOWN,N/A,NONE,0,N/A,,,,,N/A,N/A,,,failed,"HTTP 401: {""Response"":{""status"":{""version"": ""1.0.0"",""code"": ""401"",""msg"": ""Unauthorized"",""total"": ""0"",""page"": """
25211070400000,"11138 S STEWART AVE, CHICAGO, IL, 60628",UNKNOWN,N/A,NONE,0,N/A,,,,,N/A,N/A,,,failed,"HTTP 401: {""Response"":{""status"":{""version"": ""1.0.0"",""code"": ""401"",""msg"": ""Unauthorized"",""total"": ""0"",""page"": """
25333110690000,"13650 S WALLACE AVE, RIVERDALE, IL, 60827",UNKNOWN,N/A,NONE,0,N/A,,,,,N/A,N/A,,,failed,"HTTP 401: {""Response"":{""status"":{""version"": ""1.0.0"",""code"": ""401"",""msg"": ""Unauthorized"",""total"": ""0"",""page"": """
20263120260000,"7714 S DREXEL AVE, CHICAGO, IL, 60619",UNKNOWN,N/A,NONE,0,N/A,,,,,N/A,N/A,,,failed,"HTTP 401: {""Response"":{""status"":{""version"": ""1.0.0"",""code"": ""401"",""msg"": ""Unauthorized"",""total"": ""0"",""page"": """
20194040280000,"6746 S HERMITAGE AVE 122, CHICAGO, IL, 60636",UNKNOWN,N/A,NONE,0,N/A,,,,,N/A,N/A,,,failed,"HTTP 401: {""Response"":{""status"":{""version"": ""1.0.0"",""code"": ""401"",""msg"": ""Unauthorized"",""total"": ""0"",""page"": """
26062110250000,"8804 S BALTIMORE AVE, CHICAGO, IL 60601",UNKNOWN,N/A,NONE,0,N/A,,,,,N/A,N/A,,,failed,"HTTP 401: {""Response"":{""status"":{""version"": ""1.0.0"",""code"": ""401"",""msg"": ""Unauthorized"",""total"": ""0"",""page"": """
25211060080000,"431 W 111TH ST, CHICAGO, IL, 60628",UNKNOWN,N/A,NONE,0,N/A,,,,,N/A,N/A,,,failed,"HTTP 401: {""Response"":{""status"":{""version"": ""1.0.0"",""code"": ""401"",""msg"": ""Unauthorized"",""total"": ""0"",""page"": """
25212280380000,"106 W 115TH ST, CHICAGO, IL, 60628",UNKNOWN,N/A,NONE,0,N/A,,,,,N/A,N/A,,,failed,"HTTP 401: {""Response"":{""status"":{""version"": ""1.0.0"",""code"": ""401"",""msg"": ""Unauthorized"",""total"": ""0"",""page"": """
16023180490000,"943 N HARDING AVE, CHICAGO, IL, 60651",UNKNOWN,N/A,NONE,0,N/A,,,,,N/A,N/A,,,failed,"HTTP 401: {""Response"":{""status"":{""version"": ""1.0.0"",""code"": ""401"",""msg"": ""Unauthorized"",""total"": ""0"",""page"": """
16234020260000,"1616 S TRUMBULL AVE, CHICAGO, IL, 60623",UNKNOWN,N/A,NONE,0,N/A,,,,,N/A,N/A,,,failed,"HTTP 401: {""Response"":{""status"":{""version"": ""1.0.0"",""code"": ""401"",""msg"": ""Unauthorized"",""total"": ""0"",""page"": """
16133160350000,"3126 W TAYLOR ST, CHICAGO, IL, 60612",UNKNOWN,N/A,NONE,0,N/A,,,,,N/A,N/A,,,failed,"HTTP 401: {""Response"":{""status"":{""version"": ""1.0.0"",""code"": ""401"",""msg"": ""Unauthorized"",""total"": ""0"",""page"": """
20171150370000,"5632 S RACINE AVE, CHICAGO, IL, 60636",UNKNOWN,N/A,NONE,0,N/A,,,,,N/A,N/A,,,failed,"HTTP 401: {""Response"":{""status"":{""version"": ""1.0.0"",""code"": ""401"",""msg"": ""Unauthorized"",""total"": ""0"",""page"": """
16104010190000,"4258 W CARROLL AVE, CHICAGO, IL, 60624",UNKNOWN,N/A,NONE,0,N/A,,,,,N/A,N/A,,,failed,"HTTP 401: {""Response"":{""status"":{""version"": ""1.0.0"",""code"": ""401"",""msg"": ""Unauthorized"",""total"": ""0"",""page"": """
20192170120000,"6533 S WINCHESTER AVE, CHICAGO, IL, 60636",UNKNOWN,N/A,NONE,0,N/A,,,,,N/A,N/A,,,failed,"HTTP 401: {""Response"":{""status"":{""version"": ""1.0.0"",""code"": ""401"",""msg"": ""Unauthorized"",""total"": ""0"",""page"": """
20254210280000,"7726 S CRANDON AVE, CHICAGO, IL, 60649",UNKNOWN,N/A,NONE,0,N/A,,,,,N/A,N/A,,,failed,"HTTP 401: {""Response"":{""status"":{""version"": ""1.0.0"",""code"": ""401"",""msg"": ""Unauthorized"",""total"": ""0"",""page"": """
25213320160000,"11841 S WALLACE ST, CHICAGO, IL, 60628",UNKNOWN,N/A,NONE,0,N/A,,,,,N/A,N/A,,,failed,"HTTP 401: {""Response"":{""status"":{""version"": ""1.0.0"",""code"": ""401"",""msg"": ""Unauthorized"",""total"": ""0"",""page"": """
20154170130000,"432 E 63RD ST, CHICAGO, IL, 60637",UNKNOWN,N/A,NONE,0,N/A,,,,,N/A,N/A,,,failed,"HTTP 401: {""Response"":{""status"":{""version"": ""1.0.0"",""code"": ""401"",""msg"": ""Unauthorized"",""total"": ""0"",""page"": """
25153040210000,"10753 S INDIANA AVE, CHICAGO, IL, 60628",UNKNOWN,N/A,NONE,0,N/A,,,,,N/A,N/A,,,failed,"HTTP 401: {""Response"":{""status"":{""version"": ""1.0.0"",""code"": ""401"",""msg"": ""Unauthorized"",""total"": ""0"",""page"": """
25164290110000,"111 W 110TH PL, CHICAGO, IL, 60628",UNKNOWN,N/A,NONE,0,N/A,,,,,N/A,N/A,,,failed,"HTTP 401: {""Response"":{""status"":{""version"": ""1.0.0"",""code"": ""401"",""msg"": ""Unauthorized"",""total"": ""0"",""page"": """
26062110270000,"8808 S BALTIMORE AVE, CHICAGO, IL 60601",UNKNOWN,N/A,NONE,0,N/A,,,,,N/A,N/A,,,failed,"HTTP 401: {""Response"":{""status"":{""version"": ""1.0.0"",""code"": ""401"",""msg"": ""Unauthorized"",""total"": ""0"",""page"": """
15141000110000,"1006 S 8TH AVE, MAYWOOD, IL, 60153",UNKNOWN,N/A,NONE,0,N/A,,,,,N/A,N/A,,,failed,"HTTP 401: {""Response"":{""status"":{""version"": ""1.0.0"",""code"": ""401"",""msg"": ""Unauthorized"",""total"": ""0"",""page"": """
16224050310000,"1620 S KARLOV AVE, CHICAGO, IL, 60623",UNKNOWN,N/A,NONE,0,N/A,,,,,N/A,N/A,,,failed,"HTTP 401: {""Response"":{""status"":{""version"": ""1.0.0"",""code"": ""401"",""msg"": ""Unauthorized"",""total"": ""0"",""page"": """
16133200050000,"3132 W FILLMORE ST, CHICAGO, IL, 60612",UNKNOWN,N/A,NONE,0,N/A,,,,,N/A,N/A,,,failed,"HTTP 401: {""Response"":{""status"":{""version"": ""1.0.0"",""code"": ""401"",""msg"": ""Unauthorized"",""total"": ""0"",""page"": """
16222010090000,"4301 W ROOSEVELT RD, CHICAGO, IL, 60624",UNKNOWN,N/A,NONE,0,N/A,,,,,N/A,N/A,,,failed,"HTTP 401: {""Response"":{""status"":{""version"": ""1.0.0"",""code"": ""401"",""msg"": ""Unauthorized"",""total"": ""0"",""page"": """
20172120310000,"5632 S SANGAMON ST, CHICAGO, IL, 60621",UNKNOWN,N/A,NONE,0,N/A,,,,,N/A,N/A,,,failed,"HTTP 401: {""Response"":{""status"":{""version"": ""1.0.0"",""code"": ""401"",""msg"": ""Unauthorized"",""total"": ""0"",""page"": """
19242290160000,"6600 S CAMPBELL AVE, CHICAGO, IL, 60629",UNKNOWN,N/A,NONE,0,N/A,,,,,N/A,N/A,,,failed,"HTTP 401: {""Response"":{""status"":{""version"": ""1.0.0"",""code"": ""401"",""msg"": ""Unauthorized"",""total"": ""0"",""page"": """
21304070390000,"7812 S MUSKEGON AVE, CHICAGO, IL, 60649",UNKNOWN,N/A,NONE,0,N/A,,,,,N/A,N/A,,,failed,"HTTP 401: {""Response"":{""status"":{""version"": ""1.0.0"",""code"": ""401"",""msg"": ""Unauthorized"",""total"": ""0"",""page"": """
26071130620000,"9703 S YATES AVE, CHICAGO, IL, 60617",UNKNOWN,N/A,NONE,0,N/A,,,,,N/A,N/A,,,failed,"HTTP 401: {""Response"":{""status"":{""version"": ""1.0.0"",""code"": ""401"",""msg"": ""Unauthorized"",""total"": ""0"",""page"": """
25122170410000,"9801 S CLYDE AVE, CHICAGO, IL, 60617",UNKNOWN,N/A,NONE,0,N/A,,,,,N/A,N/A,,,failed,"HTTP 401: {""Response"":{""status"":{""version"": ""1.0.0"",""code"": ""401"",""msg"": ""Unauthorized"",""total"": ""0"",""page"": """
16152050180000,"4207 W MONROE ST 1, CHICAGO, IL, 60624",UNKNOWN,N/A,NONE,0,N/A,,,,,N/A,N/A,,,failed,"HTTP 401: {""Response"":{""status"":{""version"": ""1.0.0"",""code"": ""401"",""msg"": ""Unauthorized"",""total"": ""0"",""page"": """
26062110280000,"8810 S BALTIMORE AVE, CHICAGO, IL 60601",UNKNOWN,N/A,NONE,0,N/A,,,,,N/A,N/A,,,failed,"HTTP 401: {""Response"":{""status"":{""version"": ""1.0.0"",""code"": ""401"",""msg"": ""Unauthorized"",""total"": ""0"",""page"": """
25164040010000,"125 W 107TH ST, CHICAGO, IL, 60628",UNKNOWN,N/A,NONE,0,N/A,,,,,N/A,N/A,,,failed,"HTTP 401: {""Response"":{""status"":{""version"": ""1.0.0"",""code"": ""401"",""msg"": ""Unauthorized"",""total"": ""0"",""page"": """
16111270370000,"432 N SPRINGFIELD AVE, CHICAGO, IL, 60624",UNKNOWN,N/A,NONE,0,N/A,,,,,N/A,N/A,,,failed,"HTTP 401: {""Response"":{""status"":{""version"": ""1.0.0"",""code"": ""401"",""msg"": ""Unauthorized"",""total"": ""0"",""page"": """
16224060300000,"1632 S KOMENSKY AVE, CHICAGO, IL, 60623",UNKNOWN,N/A,NONE,0,N/A,,,,,N/A,N/A,,,failed,"HTTP 401: {""Response"":{""status"":{""version"": ""1.0.0"",""code"": ""401"",""msg"": ""Unauthorized"",""total"": ""0"",""page"": """
15152070180000,"1010 S 9TH AVE, MAYWOOD, IL, 60153",UNKNOWN,N/A,NONE,0,N/A,,,,,N/A,N/A,,,failed,"HTTP 401: {""Response"":{""status"":{""version"": ""1.0.0"",""code"": ""401"",""msg"": ""Unauthorized"",""total"": ""0"",""page"": """
16133160150000,"3133 W ARTHINGTON ST, CHICAGO, IL, 60612",UNKNOWN,N/A,NONE,0,N/A,,,,,N/A,N/A,,,failed,"HTTP 401: {""Response"":{""status"":{""version"": ""1.0.0"",""code"": ""401"",""msg"": ""Unauthorized"",""total"": ""0"",""page"": """
16152200200000,"4307 W GLADYS AVE, CHICAGO, IL, 60624",UNKNOWN,N/A,NONE,0,N/A,,,,,N/A,N/A,,,failed,"HTTP 401: {""Response"":{""status"":{""version"": ""1.0.0"",""code"": ""401"",""msg"": ""Unauthorized"",""total"": ""0"",""page"": """
20172080400000,"5636 S MAY ST, CHICAGO, IL, 60621",UNKNOWN,N/A,NONE,0,N/A,,,,,N/A,N/A,,,failed,"HTTP 401: {""Response"":{""status"":{""version"": ""1.0.0"",""code"": ""401"",""msg"": ""Unauthorized"",""total"": ""0"",""page"": """
20263190290000,"7824 S INGLESIDE AVE, CHICAGO, IL, 60619",UNKNOWN,N/A,NONE,0,N/A,,,,,N/A,N/A,,,failed,"HTTP 401: {""Response"":{""status"":{""version"": ""1.0.0"",""code"": ""401"",""msg"": ""Unauthorized"",""total"": ""0"",""page"": """
20191240240000,"6606 S OAKLEY AVE, CHICAGO, IL, 60636",UNKNOWN,N/A,NONE,0,N/A,,,,,N/A,N/A,,,failed,"HTTP 401: {""Response"":{""status"":{""version"": ""1.0.0"",""code"": ""401"",""msg"": ""Unauthorized"",""total"": ""0"",""page"": """
25214010100000,"11515 S HARVARD AVE, CHICAGO, IL, 60628",UNKNOWN,N/A,NONE,0,N/A,,,,,N/A,N/A,,,failed,"HTTP 401: {""Response"":{""status"":{""version"": ""1.0.0"",""code"": ""401"",""msg"": ""Unauthorized"",""total"": ""0"",""page"": """
26062030270000,"8710 S HOUSTON AVE, CHICAGO, IL, 60617",UNKNOWN,N/A,NONE,0,N/A,,,,,N/A,N/A,,,failed,"HTTP 401: {""Response"":{""status"":{""version"": ""1.0.0"",""code"": ""401"",""msg"": ""Unauthorized"",""total"": ""0"",""page"": """
16111190310000,"536 N SPRINGFIELD AVE 1, CHICAGO, IL, 60624",UNKNOWN,N/A,NONE,0,N/A,,,,,N/A,N/A,,,failed,"HTTP 401: {""Response"":{""status"":{""version"": ""1.0.0"",""code"": ""401"",""msg"": ""Unauthorized"",""total"": ""0"",""page"": """
25284230580000,"126 E 127TH ST, CHICAGO, IL, 60628",UNKNOWN,N/A,NONE,0,N/A,,,,,N/A,N/A,,,failed,"HTTP 401: {""Response"":{""status"":{""version"": ""1.0.0"",""code"": ""401"",""msg"": ""Unauthorized"",""total"": ""0"",""page"": """
26062110290000,"8814 S BALTIMORE AVE, CHICAGO, IL 60601",UNKNOWN,N/A,NONE,0,N/A,,,,,N/A,N/A,,,failed,"HTTP 401: {""Response"":{""status"":{""version"": ""1.0.0"",""code"": ""401"",""msg"": ""Unauthorized"",""total"": ""0"",""page"": """
16111290100000,"437 N AVERS AVE, CHICAGO, IL, 60624",UNKNOWN,N/A,NONE,0,N/A,,,,,N/A,N/A,,,failed,"HTTP 401: {""Response"":{""status"":{""version"": ""1.0.0"",""code"": ""401"",""msg"": ""Unauthorized"",""total"": ""0"",""page"": """
20174030010000,"1019 W 59TH ST, CHICAGO, IL, 60621",UNKNOWN,N/A,NONE,0,N/A,,,,,N/A,N/A,,,failed,"HTTP 401: {""Response"":{""status"":{""version"": ""1.0.0"",""code"": ""401"",""msg"": ""Unauthorized"",""total"": ""0"",""page"": """
16234010150000,"1641 S DRAKE AVE, CHICAGO, IL, 60623",UNKNOWN,N/A,NONE,0,N/A,,,,,N/A,N/A,,,failed,"HTTP 401: {""Response"":{""status"":{""version"": ""1.0.0"",""code"": ""401"",""msg"": ""Unauthorized"",""total"": ""0"",""page"": """
19123160120000,"3141 W 53RD ST, CHICAGO, IL, 60632",UNKNOWN,N/A,NONE,0,N/A,,,,,N/A,N/A,,,failed,"HTTP 401: {""Response"":{""status"":{""version"": ""1.0.0"",""code"": ""401"",""msg"": ""Unauthorized"",""total"": ""0"",""page"": """
16224020150000,"4323 W 17TH ST, CHICAGO, IL, 60623",UNKNOWN,N/A,NONE,0,N/A,,,,,N/A,N/A,,,failed,"HTTP 401: {""Response"":{""status"":{""version"": ""1.0.0"",""code"": ""401"",""msg"": ""Unauthorized"",""total"": ""0"",""page"": """
20171150380000,"5636 S RACINE AVE, CHICAGO, IL, 60636",UNKNOWN,N/A,NONE,0,N/A,,,,,N/A,N/A,,,failed,"HTTP 401: {""Response"":{""status"":{""version"": ""1.0.0"",""code"": ""401"",""msg"": ""Unauthorized"",""total"": ""0"",""page"": """
20192270230000,"6608 S WOOD ST, CHICAGO, IL, 60636",UNKNOWN,N/A,NONE,0,N/A,,,,,N/A,N/A,,,failed,"HTTP 401: {""Response"":{""status"":{""version"": ""1.0.0"",""code"": ""401"",""msg"": ""Unauthorized"",""total"": ""0"",""page"": """
20263190310000,"7836 S INGLESIDE AVE, CHICAGO, IL, 60619",UNKNOWN,N/A,NONE,0,N/A,,,,,N/A,N/A,,,failed,"HTTP 401: {""Response"":{""status"":{""version"": ""1.0.0"",""code"": ""401"",""msg"": ""Unauthorized"",""total"": ""0"",""page"": """
25211070410000,"11140 S STEWART AVE, CHICAGO, IL, 60628",UNKNOWN,N/A,NONE,0,N/A,,,,,N/A,N/A,,,failed,"HTTP 401: {""Response"":{""status"":{""version"": ""1.0.0"",""code"": ""401"",""msg"": ""Unauthorized"",""total"": ""0"",""page"": """
26062110300000,"8816 S BALTIMORE AVE, CHICAGO, IL 60601",UNKNOWN,N/A,NONE,0,N/A,,,,,N/A,N/A,,,failed,"HTTP 401: {""Response"":{""status"":{""version"": ""1.0.0"",""code"": ""401"",""msg"": ""Unauthorized"",""total"": ""0"",""page"": """
29103120030000,"136 E 154TH ST, SOUTH HOLLAND, IL, 60473",UNKNOWN,N/A,NONE,0,N/A,,,,,N/A,N/A,,,failed,"HTTP 401: {""Response"":{""status"":{""version"": ""1.0.0"",""code"": ""401"",""msg"": ""Unauthorized"",""total"": ""0"",""page"": """
20163140230000,"438 W 61ST ST, CHICAGO, IL, 60621",UNKNOWN,N/A,NONE,0,N/A,,,,,N/A,N/A,,,failed,"HTTP 401: {""Response"":{""status"":{""version"": ""1.0.0"",""code"": ""401"",""msg"": ""Unauthorized"",""total"": ""0"",""page"": """
16023110310000,"1024 N AVERS AVE, CHICAGO, IL, 60651",UNKNOWN,N/A,NONE,0,N/A,,,,,N/A,N/A,,,failed,"HTTP 401: {""Response"":{""status"":{""version"": ""1.0.0"",""code"": ""401"",""msg"": ""Unauthorized"",""total"": ""0"",""page"": """
16224050260000,"1655 S KEDVALE AVE, CHICAGO, IL, 60623",UNKNOWN,N/A,NONE,0,N/A,,,,,N/A,N/A,,,failed,"HTTP 401: {""Response"":{""status"":{""version"": ""1.0.0"",""code"": ""401"",""msg"": ""Unauthorized"",""total"": ""0"",""page"": """
16114110550000,"3201 W WALNUT ST, CHICAGO, IL, 60624",UNKNOWN,N/A,NONE,0,N/A,,,,,N/A,N/A,,,failed,"HTTP 401: {""Response"":{""status"":{""version"": ""1.0.0"",""code"": ""401"",""msg"": ""Unauthorized"",""total"": ""0"",""page"": """
16152120320000,"4336 W JACKSON BLVD, CHICAGO, IL, 60624",UNKNOWN,N/A,NONE,0,N/A,,,,,N/A,N/A,,,failed,"HTTP 401: {""Response"":{""status"":{""version"": ""1.0.0"",""code"": ""401"",""msg"": ""Unauthorized"",""total"": ""0"",""page"": """
20171150390000,"5638 S RACINE AVE, CHICAGO, IL, 60636",UNKNOWN,N/A,NONE,0,N/A,,,,,N/A,N/A,,,failed,"HTTP 401: {""Response"":{""status"":{""version"": ""1.0.0"",""code"": ""401"",""msg"": ""Unauthorized"",""total"": ""0"",""page"": """
20222240180000,"6610 S VERNON AVE, CHICAGO, IL, 60637",UNKNOWN,N/A,NONE,0,N/A,,,,,N/A,N/A,,,failed,"HTTP 401: {""Response"":{""status"":{""version"": ""1.0.0"",""code"": ""401"",""msg"": ""Unauthorized"",""total"": ""0"",""page"": """
20263210060000,"7841 S ELLIS AVE, CHICAGO, IL, 60619",UNKNOWN,N/A,NONE,0,N/A,,,,,N/A,N/A,,,failed,"HTTP 401: {""Response"":{""status"":{""version"": ""1.0.0"",""code"": ""401"",""msg"": ""Unauthorized"",""total"": ""0"",""page"": """
20332080220000,"8057 S STEWART AVE, CHICAGO, IL, 60620",UNKNOWN,N/A,NONE,0,N/A,,,,,N/A,N/A,,,failed,"HTTP 401: {""Response"":{""status"":{""version"": ""1.0.0"",""code"": ""401"",""msg"": ""Unauthorized"",""total"": ""0"",""page"": """
25333110680000,"13652 S WALLACE AVE, RIVERDALE, IL, 60827",UNKNOWN,N/A,NONE,0,N/A,,,,,N/A,N/A,,,failed,"HTTP 401: {""Response"":{""status"":{""version"": ""1.0.0"",""code"": ""401"",""msg"": ""Unauthorized"",""total"": ""0"",""page"": """
20224090100000,"6814 S SAINT LAWRENCE AVE 2, CHICAGO, IL, 60637",UNKNOWN,N/A,NONE,0,N/A,,,,,N/A,N/A,,,failed,"HTTP 401: {""Response"":{""status"":{""version"": ""1.0.0"",""code"": ""401"",""msg"": ""Unauthorized"",""total"": ""0"",""page"": """
26062110310000,"8818 S BALTIMORE AVE, CHICAGO, IL 60601",UNKNOWN,N/A,NONE,0,N/A,,,,,N/A,N/A,,,failed,"HTTP 401: {""Response"":{""status"":{""version"": ""1.0.0"",""code"": ""401"",""msg"": ""Unauthorized"",""total"": ""0"",""page"": """
25164250240000,"142 W 110TH PL, CHICAGO, IL, 60628",UNKNOWN,N/A,NONE,0,N/A,,,,,N/A,N/A,,,failed,"HTTP 401: {""Response"":{""status"":{""version"": ""1.0.0"",""code"": ""401"",""msg"": ""Unauthorized"",""total"": ""0"",""page"": """
20211300130000,"438 W MARQUETTE RD, CHICAGO, IL, 60621",UNKNOWN,N/A,NONE,0,N/A,,,,,N/A,N/A,,,failed,"HTTP 401: {""Response"":{""status"":{""version"": ""1.0.0"",""code"": ""401"",""msg"": ""Unauthorized"",""total"": ""0"",""page"": """
16034150270000,"1040 N PULASKI RD, CHICAGO, IL, 60651",UNKNOWN,N/A,NONE,0,N/A,,,,,N/A,N/A,,,failed,"HTTP 401: {""Response"":{""status"":{""version"": ""1.0.0"",""code"": ""401"",""msg"": ""Unauthorized"",""total"": ""0"",""page"": """
20302050080000,"1711 W 71ST ST, CHICAGO, IL, 60636",UNKNOWN,N/A,NONE,0,N/A,,,,,N/A,N/A,,,failed,"HTTP 401: {""Response"":{""status"":{""version"": ""1.0.0"",""code"": ""401"",""msg"": ""Unauthorized"",""total"": ""0"",""page"": """
16114110150000,"3325 W WALNUT ST, CHICAGO, IL, 60624",UNKNOWN,N/A,NONE,0,N/A,,,,,N/A,N/A,,,failed,"HTTP 401: {""Response"":{""status"":{""version"": ""1.0.0"",""code"": ""401"",""msg"": ""Unauthorized"",""total"": ""0"",""page"": """
16224000320000,"4340 W 17TH ST, CHICAGO, IL, 60623",UNKNOWN,N/A,NONE,0,N/A,,,,,N/A,N/A,,,failed,"HTTP 401: {""Response"":{""status"":{""version"": ""1.0.0"",""code"": ""401"",""msg"": ""Unauthorized"",""total"": ""0"",""page"": """
20172130130000,"5639 S SANGAMON ST, CHICAGO, IL, 60621",UNKNOWN,N/A,NONE,0,N/A,,,,,N/A,N/A,,,failed,"HTTP 401: {""Response"":{""status"":{""version"": ""1.0.0"",""code"": ""401"",""msg"": ""Unauthorized"",""total"": ""0"",""page"": """
20202290050000,"6611 S SANGAMON ST, CHICAGO, IL, 60621",UNKNOWN,N/A,NONE,0,N/A,,,,,N/A,N/A,,,failed,"HTTP 401: {""Response"":{""status"":{""version"": ""1.0.0"",""code"": ""401"",""msg"": ""Unauthorized"",""total"": ""0"",""page"": """
21303250230000,"7842 S PHILLIPS AVE, CHICAGO, IL, 60649",UNKNOWN,N/A,NONE,0,N/A,,,,,N/A,N/A,,,failed,"HTTP 401: {""Response"":{""status"":{""version"": ""1.0.0"",""code"": ""401"",""msg"": ""Unauthorized"",""total"": ""0"",""page"": """
25153110180000,"10849 S EDBROOKE AVE, CHICAGO, IL, 60628",UNKNOWN,N/A,NONE,0,N/A,,,,,N/A,N/A,,,failed,"HTTP 401: {""Response"":{""status"":{""version"": ""1.0.0"",""code"": ""401"",""msg"": ""Unauthorized"",""total"": ""0"",""page"": """
25213290340000,"11844 S UNION AVE, CHICAGO, IL, 60628",UNKNOWN,N/A,NONE,0,N/A,,,,,N/A,N/A,,,failed,"HTTP 401: {""Response"":{""status"":{""version"": ""1.0.0"",""code"": ""401"",""msg"": ""Unauthorized"",""total"": ""0"",""page"": """
26062110320000,"8820 S BALTIMORE AVE, CHICAGO, IL 60601",UNKNOWN,N/A,NONE,0,N/A,,,,,N/A,N/A,,,failed,"HTTP 401: {""Response"":{""status"":{""version"": ""1.0.0"",""code"": ""401"",""msg"": ""Unauthorized"",""total"": ""0"",""page"": """
25214180320000,"144 W 118TH ST, CHICAGO, IL, 60628",UNKNOWN,N/A,NONE,0,N/A,,,,,N/A,N/A,,,failed,"HTTP 401: {""Response"":{""status"":{""version"": ""1.0.0"",""code"": ""401"",""msg"": ""Unauthorized"",""total"": ""0"",""page"": """
16111290090000,"439 N AVERS AVE, CHICAGO, IL, 60624",UNKNOWN,N/A,NONE,0,N/A,,,,,N/A,N/A,,,failed,"HTTP 401: {""Response"":{""status"":{""version"": ""1.0.0"",""code"": ""401"",""msg"": ""Unauthorized"",""total"": ""0"",""page"": """
16034070400000,"1100 N PULASKI RD, CHICAGO, IL, 60651",UNKNOWN,N/A,NONE,0,N/A,,,,,N/A,N/A,,,failed,"HTTP 401: {""Response"":{""status"":{""version"": ""1.0.0"",""code"": ""401"",""msg"": ""Unauthorized"",""total"": ""0"",""page"": """
16114080530000,"3328 W WALNUT ST, CHICAGO, IL, 60624",UNKNOWN,N/A,NONE,0,N/A,,,,,N/A,N/A,,,failed,"HTTP 401: {""Response"":{""status"":{""version"": ""1.0.0"",""code"": ""401"",""msg"": ""Unauthorized"",""total"": ""0"",""page"": """
20194290400000,"1712 W 71ST ST, CHICAGO, IL, 60636",UNKNOWN,N/A,NONE,0,N/A,,,,,N/A,N/A,,,failed,"HTTP 401: {""Response"":{""status"":{""version"": ""1.0.0"",""code"": ""401"",""msg"": ""Unauthorized"",""total"": ""0"",""page"": """
16224000330000,"4342 W 17TH ST, CHICAGO, IL, 60623",UNKNOWN,N/A,NONE,0,N/A,,,,,N/A,N/A,,,failed,"HTTP 401: {""Response"":{""status"":{""version"": ""1.0.0"",""code"": ""401"",""msg"": ""Unauthorized"",""total"": ""0"",""page"": """
20171100200000,"5649 S LAFLIN ST, CHICAGO, IL, 60636",UNKNOWN,N/A,NONE,0,N/A,,,,,N/A,N/A,,,failed,"HTTP 401: {""Response"":{""status"":{""version"": ""1.0.0"",""code"": ""401"",""msg"": ""Unauthorized"",""total"": ""0"",""page"": """
20191290280000,"6616 S DAMEN AVE, CHICAGO, IL, 60636",UNKNOWN,N/A,NONE,0,N/A,,,,,N/A,N/A,,,failed,"HTTP 401: {""Response"":{""status"":{""version"": ""1.0.0"",""code"": ""401"",""msg"": ""Unauthorized"",""total"": ""0"",""page"": """
25122080460000,"9715 S JEFFERY AVE, CHICAGO, IL, 60617",UNKNOWN,N/A,NONE,0,N/A,,,,,N/A,N/A,,,failed,"HTTP 401: {""Response"":{""status"":{""version"": ""1.0.0"",""code"": ""401"",""msg"": ""Unauthorized"",""total"": ""0"",""page"": """
20304350340000,"7846 S ASHLAND AVE, CHICAGO, IL, 60620",UNKNOWN,N/A,NONE,0,N/A,,,,,N/A,N/A,,,failed,"HTTP 401: {""Response"":{""status"":{""version"": ""1.0.0"",""code"": ""401"",""msg"": ""Unauthorized"",""total"": ""0"",""page"": """
16152200190000,"4309 W GLADYS AVE 2ND, CHICAGO, IL, 60624",UNKNOWN,N/A,NONE,0,N/A,,,,,N/A,N/A,,,failed,"HTTP 401: {""Response"":{""status"":{""version"": ""1.0.0"",""code"": ""401"",""msg"": ""Unauthorized"",""total"": ""0"",""page"": """
25081150160000,"9838 S THROOP ST, CHICAGO, IL, 60643",UNKNOWN,N/A,NONE,0,N/A,,,,,N/A,N/A,,,failed,"HTTP 401: {""Response"":{""status"":{""version"": ""1.0.0"",""code"": ""401"",""msg"": ""Unauthorized"",""total"": ""0"",""page"": """
26062110330000,"8824 S BALTIMORE AVE, CHICAGO, IL 60601",UNKNOWN,N/A,NONE,0,N/A,,,,,N/A,N/A,,,failed,"HTTP 401: {""Response"":{""status"":{""version"": ""1.0.0"",""code"": ""401"",""msg"": ""Unauthorized"",""total"": ""0"",""page"": """
20214150150000,"160 W 70TH ST, CHICAGO, IL, 60621",UNKNOWN,N/A,NONE,0,N/A,,,,,N/A,N/A,,,failed,"HTTP 401: {""Response"":{""status"":{""version"": ""1.0.0"",""code"": ""401"",""msg"": ""Unauthorized"",""total"": ""0"",""page"": """
16111270100000,"439 N HARDING AVE, CHICAGO, IL, 60624",UNKNOWN,N/A,NONE,0,N/A,,,,,N/A,N/A,,,failed,"HTTP 401: {""Response"":{""status"":{""version"": ""1.0.0"",""code"": ""401"",""msg"": ""Unauthorized"",""total"": ""0"",""page"": """
16154220380000,"1112 S KEELER AVE, CHICAGO, IL, 60624",UNKNOWN,N/A,NONE,0,N/A,,,,,N/A,N/A,,,failed,"HTTP 401: {""Response"":{""status"":{""version"": ""1.0.0"",""code"": ""401"",""msg"": ""Unauthorized"",""total"": ""0"",""page"": """
20304330320000,"1724 W 79TH ST, CHICAGO, IL, 60620",UNKNOWN,N/A,NONE,0,N/A,,,,,N/A,N/A,,,failed,"HTTP 401: {""Response"":{""status"":{""version"": ""1.0.0"",""code"": ""401"",""msg"": ""Unauthorized"",""total"": ""0"",""page"": """
16114110140000,"3329 W WALNUT ST, CHICAGO, IL, 60624",UNKNOWN,N/A,NONE,0,N/A,,,,,N/A,N/A,,,failed,"HTTP 401: {""Response"":{""status"":{""version"": ""1.0.0"",""code"": ""401"",""msg"": ""Unauthorized"",""total"": ""0"",""page"": """
20171150460000,"5658 S RACINE AVE, CHICAGO, IL, 60636",UNKNOWN,N/A,NONE,0,N/A,,,,,N/A,N/A,,,failed,"HTTP 401: {""Response"":{""status"":{""version"": ""1.0.0"",""code"": ""401"",""msg"": ""Unauthorized"",""total"": ""0"",""page"": """
16224000340000,"4346 W 17TH ST, CHICAGO, IL, 60623",UNKNOWN,N/A,NONE,0,N/A,,,,,N/A,N/A,,,failed,"HTTP 401: {""Response"":{""status"":{""version"": ""1.0.0"",""code"": ""401"",""msg"": ""Unauthorized"",""total"": ""0"",""page"": """
20331010090000,"7913 S EMERALD AVE, CHICAGO, IL, 60620",UNKNOWN,N/A,NONE,0,N/A,,,,,N/A,N/A,,,failed,"HTTP 401: {""Response"":{""status"":{""version"": ""1.0.0"",""code"": ""401"",""msg"": ""Unauthorized"",""total"": ""0"",""page"": """
25194030280000,"11533 S VINCENNES AVE, CHICAGO, IL, 60643",UNKNOWN,N/A,NONE,0,N/A,,,,,N/A,N/A,,,failed,"HTTP 401: {""Response"":{""status"":{""version"": ""1.0.0"",""code"": ""401"",""msg"": ""Unauthorized"",""total"": ""0"",""page"": """
25052030210000,"8718 S MORGAN ST, CHICAGO, IL, 60620",UNKNOWN,N/A,NONE,0,N/A,,,,,N/A,N/A,,,failed,"HTTP 401: {""Response"":{""status"":{""version"": ""1.0.0"",""code"": ""401"",""msg"": ""Unauthorized"",""total"": ""0"",""page"": """
16153170210000,"742 S KENNETH AVE 2, CHICAGO, IL, 60624",UNKNOWN,N/A,NONE,0,N/A,,,,,N/A,N/A,,,failed,"HTTP 401: {""Response"":{""status"":{""version"": ""1.0.0"",""code"": ""401"",""msg"": ""Unauthorized"",""total"": ""0"",""page"": """
26062110340000,"8826 S BALTIMORE AVE, CHICAGO, IL 60601",UNKNOWN,N/A,NONE,0,N/A,,,,,N/A,N/A,,,failed,"HTTP 401: {""Response"":{""status"":{""version"": ""1.0.0"",""code"": ""401"",""msg"": ""Unauthorized"",""total"": ""0"",""page"": """
20222250240000,"6616 S MARQUETTE RD, CHICAGO, IL, 60637",UNKNOWN,N/A,NONE,0,N/A,,,,,N/A,N/A,,,failed,"HTTP 401: {""Response"":{""status"":{""version"": ""1.0.0"",""code"": ""401"",""msg"": ""Unauthorized"",""total"": ""0"",""page"": """
25044120230000,"178 W 95TH ST, CHICAGO, IL, 60628",UNKNOWN,N/A,NONE,0,N/A,,,,,N/A,N/A,,,failed,"HTTP 401: {""Response"":{""status"":{""version"": ""1.0.0"",""code"": ""401"",""msg"": ""Unauthorized"",""total"": ""0"",""page"": """
16111280310000,"440 N AVERS AVE, CHICAGO, IL, 60624",UNKNOWN,N/A,NONE,0,N/A,,,,,N/A,N/A,,,failed,"HTTP 401: {""Response"":{""status"":{""version"": ""1.0.0"",""code"": ""401"",""msg"": ""Unauthorized"",""total"": ""0"",""page"": """
16143250080000,"1115 S INDEPENDENCE BLVD, CHICAGO, IL, 60624",UNKNOWN,N/A,NONE,0,N/A,,,,,N/A,N/A,,,failed,"HTTP 401: {""Response"":{""status"":{""version"": ""1.0.0"",""code"": ""401"",""msg"": ""Unauthorized"",""total"": ""0"",""page"": """
16234090010000,"1801 S SAINT LOUIS AVE, CHICAGO, IL, 60623",UNKNOWN,N/A,NONE,0,N/A,,,,,N/A,N/A,,,failed,"HTTP 401: {""Response"":{""status"":{""version"": ""1.0.0"",""code"": ""401"",""msg"": ""Unauthorized"",""total"": ""0"",""page"": """
16114110130000,"3331 W WALNUT ST, CHICAGO, IL, 60624",UNKNOWN,N/A,NONE,0,N/A,,,,,N/A,N/A,,,failed,"HTTP 401: {""Response"":{""status"":{""version"": ""1.0.0"",""code"": ""401"",""msg"": ""Unauthorized"",""total"": ""0"",""page"": """
16103110270000,"4408 W FULTON ST, CHICAGO, IL, 60624",UNKNOWN,N/A,NONE,0,N/A,,,,,N/A,N/A,,,failed,"HTTP 401: {""Response"":{""status"":{""version"": ""1.0.0"",""code"": ""401"",""msg"": ""Unauthorized"",""total"": ""0"",""page"": """
20182080390000,"5658 S WINCHESTER AVE, CHICAGO, IL, 60636",UNKNOWN,N/A,NONE,0,N/A,,,,,N/A,N/A,,,failed,"HTTP 401: {""Response"":{""status"":{""version"": ""1.0.0"",""code"": ""401"",""msg"": ""Unauthorized"",""total"": ""0"",""page"": """
20202310270000,"6618 S HALSTED ST, CHICAGO, IL, 60621",UNKNOWN,N/A,NONE,0,N/A,,,,,N/A,N/A,,,failed,"HTTP 401: {""Response"":{""status"":{""version"": ""1.0.0"",""code"": ""401"",""msg"": ""Unauthorized"",""total"": ""0"",""page"": """
20322000310000,"7915 S RACINE AVE, CHICAGO, IL, 60620",UNKNOWN,N/A,NONE,0,N/A,,,,,N/A,N/A,,,failed,"HTTP 401: {""Response"":{""status"":{""version"": ""1.0.0"",""code"": ""401"",""msg"": ""Unauthorized"",""total"": ""0"",""page"": """
25211070320000,"11144 S STEWART AVE, CHICAGO, IL, 60628",UNKNOWN,N/A,NONE,0,N/A,,,,,N/A,N/A,,,failed,"HTTP 401: {""Response"":{""status"":{""version"": ""1.0.0"",""code"": ""401"",""msg"": ""Unauthorized"",""total"": ""0"",""page"": """
16111270090000,"441 N HARDING AVE, CHICAGO, IL, 60624",UNKNOWN,N/A,NONE,0,N/A,,,,,N/A,N/A,,,failed,"HTTP 401: {""Response"":{""status"":{""version"": ""1.0.0"",""code"": ""401"",""msg"": ""Unauthorized"",""total"": ""0"",""page"": """
16094080190000,"201 N LECLAIRE AVE, CHICAGO, IL, 60644",UNKNOWN,N/A,NONE,0,N/A,,,,,N/A,N/A,,,failed,"HTTP 401: {""Response"":{""status"":{""version"": ""1.0.0"",""code"": ""401"",""msg"": ""Unauthorized"",""total"": ""0"",""page"": """
26062110350000,"8828 S BALTIMORE AVE, CHICAGO, IL 60601",UNKNOWN,N/A,NONE,0,N/A,,,,,N/A,N/A,,,failed,"HTTP 401: {""Response"":{""status"":{""version"": ""1.0.0"",""code"": ""401"",""msg"": ""Unauthorized"",""total"": ""0"",""page"": """
16133250280000,"1124 S ALBANY AVE, CHICAGO, IL, 60612",UNKNOWN,N/A,NONE,0,N/A,,,,,N/A,N/A,,,failed,"HTTP 401: {""Response"":{""status"":{""version"": ""1.0.0"",""code"": ""401"",""msg"": ""Unauthorized"",""total"": ""0"",""page"": """
20182110200000,"5659 S HONORE ST, CHICAGO, IL, 60636",UNKNOWN,N/A,NONE,0,N/A,,,,,N/A,N/A,,,failed,"HTTP 401: {""Response"":{""status"":{""version"": ""1.0.0"",""code"": ""401"",""msg"": ""Unauthorized"",""total"": ""0"",""page"": """
15041070360000,"1808 N 33RD AVE, STONE PARK, IL, 60165",UNKNOWN,N/A,NONE,0,N/A,,,,,N/A,N/A,,,failed,"HTTP 401: {""Response"":{""status"":{""version"": ""1.0.0"",""code"": ""401"",""msg"": ""Unauthorized"",""total"": ""0"",""page"": """
16114080520000,"3332 W WALNUT ST, CHICAGO, IL, 60624",UNKNOWN,N/A,NONE,0,N/A,,,,,N/A,N/A,,,failed,"HTTP 401: {""Response"":{""status"":{""version"": ""1.0.0"",""code"": ""401"",""msg"": ""Unauthorized"",""total"": ""0"",""page"": """
16151030340000,"4408 W MONROE ST, CHICAGO, IL, 60624",UNKNOWN,N/A,NONE,0,N/A,,,,,N/A,N/A,,,failed,"HTTP 401: {""Response"":{""status"":{""version"": ""1.0.0"",""code"": ""401"",""msg"": ""Unauthorized"",""total"": ""0"",""page"": """
20211290200000,"6620 S STEWART AVE, CHICAGO, IL, 60621",UNKNOWN,N/A,NONE,0,N/A,,,,,N/A,N/A,,,failed,"HTTP 401: {""Response"":{""status"":{""version"": ""1.0.0"",""code"": ""401"",""msg"": ""Unauthorized"",""total"": ""0"",""page"": """
20203180220000,"6916 S BISHOP ST 2, CHICAGO, IL, 60636",UNKNOWN,N/A,NONE,0,N/A,,,,,N/A,N/A,,,failed,"HTTP 401: {""Response"":{""status"":{""version"": ""1.0.0"",""code"": ""401"",""msg"": ""Unauthorized"",""total"": ""0"",""page"": """
20322300230000,"8214 S HALSTED ST, CHICAGO, IL, 60620",UNKNOWN,N/A,NONE,0,N/A,,,,,N/A,N/A,,,failed,"HTTP 401: {""Response"":{""status"":{""version"": ""1.0.0"",""code"": ""401"",""msg"": ""Unauthorized"",""total"": ""0"",""page"": """
20331010270000,"7918 S UNION AVE, CHICAGO, IL, 60620",UNKNOWN,N/A,NONE,0,N/A,,,,,N/A,N/A,,,failed,"HTTP 401: {""Response"":{""status"":{""version"": ""1.0.0"",""code"": ""401"",""msg"": ""Unauthorized"",""total"": ""0"",""page"": """
25333110580000,"13718 S WALLACE AVE, RIVERDALE, IL, 60827",UNKNOWN,N/A,NONE,0,N/A,,,,,N/A,N/A,,,failed,"HTTP 401: {""Response"":{""status"":{""version"": ""1.0.0"",""code"": ""401"",""msg"": ""Unauthorized"",""total"": ""0"",""page"": """
26062110360000,"8830 S BALTIMORE AVE, CHICAGO, IL 60601",UNKNOWN,N/A,NONE,0,N/A,,,,,N/A,N/A,,,failed,"HTTP 401: {""Response"":{""status"":{""version"": ""1.0.0"",""code"": ""401"",""msg"": ""Unauthorized"",""total"": ""0"",""page"": """
16234140100000,"1819 S SAWYER AVE, CHICAGO, IL, 60623",UNKNOWN,N/A,NONE,0,N/A,,,,,N/A,N/A,,,failed,"HTTP 401: {""Response"":{""status"":{""version"": ""1.0.0"",""code"": ""401"",""msg"": ""Unauthorized"",""total"": ""0"",""page"": """
20283190270000,"444 W WINNECONNA PKY, CHICAGO, IL, 60620",UNKNOWN,N/A,NONE,0,N/A,,,,,N/A,N/A,,,failed,"HTTP 401: {""Response"":{""status"":{""version"": ""1.0.0"",""code"": ""401"",""msg"": ""Unauthorized"",""total"": ""0"",""page"": """
16094060210000,"216 N LEAMINGTON AVE, CHICAGO, IL, 60644",UNKNOWN,N/A,NONE,0,N/A,,,,,N/A,N/A,,,failed,"HTTP 401: {""Response"":{""status"":{""version"": ""1.0.0"",""code"": ""401"",""msg"": ""Unauthorized"",""total"": ""0"",""page"": """
16133260290000,"1130 S WHIPPLE ST, CHICAGO, IL, 60612",UNKNOWN,N/A,NONE,0,N/A,,,,,N/A,N/A,,,failed,"HTTP 401: {""Response"":{""status"":{""version"": ""1.0.0"",""code"": ""401"",""msg"": ""Unauthorized"",""total"": ""0"",""page"": """
16024260110000,"3340 W CHICAGO AVE, CHICAGO, IL, 60651",UNKNOWN,N/A,NONE,0,N/A,,,,,N/A,N/A,,,failed,"HTTP 401: {""Response"":{""status"":{""version"": ""1.0.0"",""code"": ""401"",""msg"": ""Unauthorized"",""total"": ""0"",""page"": """
20331050200000,"7930 S NORMAL AVE, CHICAGO, IL, 60620",UNKNOWN,N/A,NONE,0,N/A,,,,,N/A,N/A,,,failed,"HTTP 401: {""Response"":{""status"":{""version"": ""1.0.0"",""code"": ""401"",""msg"": ""Unauthorized"",""total"": ""0"",""page"": """
20211250510000,"6621 S UNION AVE, CHICAGO, IL, 60621",UNKNOWN,N/A,NONE,0,N/A,,,,,N/A,N/A,,,failed,"HTTP 401: {""Response"":{""status"":{""version"": ""1.0.0"",""code"": ""401"",""msg"": ""Unauthorized"",""total"": ""0"",""page"": """
20172180030000,"5705 S ABERDEEN ST, CHICAGO, IL, 60621",UNKNOWN,N/A,NONE,0,N/A,,,,,N/A,N/A,,,failed,"HTTP 401: {""Response"":{""status"":{""version"": ""1.0.0"",""code"": ""401"",""msg"": ""Unauthorized"",""total"": ""0"",""page"": """
16151240190000,"4415 W GLADYS AVE, CHICAGO, IL, 60624",UNKNOWN,N/A,NONE,0,N/A,,,,,N/A,N/A,,,failed,"HTTP 401: {""Response"":{""status"":{""version"": ""1.0.0"",""code"": ""401"",""msg"": ""Unauthorized"",""total"": ""0"",""page"": """
25153180060000,"10913 S MICHIGAN AVE, CHICAGO, IL, 60628",UNKNOWN,N/A,NONE,0,N/A,,,,,N/A,N/A,,,failed,"HTTP 401: {""Response"":{""status"":{""version"": ""1.0.0"",""code"": ""401"",""msg"": ""Unauthorized"",""total"": ""0"",""page"": """
16111280280000,"448 N AVERS AVE, CHICAGO, IL, 60624",UNKNOWN,N/A,NONE,0,N/A,,,,,N/A,N/A,,,failed,"HTTP 401: {""Response"":{""status"":{""version"": ""1.0.0"",""code"": ""401"",""msg"": ""Unauthorized"",""total"": ""0"",""page"": """
25282070570000,"11912 S STATE ST, CHICAGO, IL, 60628",UNKNOWN,N/A,NONE,0,N/A,,,,,N/A,N/A,,,failed,"HTTP 401: {""Response"":{""status"":{""version"": ""1.0.0"",""code"": ""401"",""msg"": ""Unauthorized"",""total"": ""0"",""page"": """
15104070130000,"218 S 9TH AVE, MAYWOOD, IL, 60153",UNKNOWN,N/A,NONE,0,N/A,,,,,N/A,N/A,,,failed,"HTTP 401: {""Response"":{""status"":{""version"": ""1.0.0"",""code"": ""401"",""msg"": ""Unauthorized"",""total"": ""0"",""page"": """
26062110370000,"8834 S BALTIMORE AVE, CHICAGO, IL 60601",UNKNOWN,N/A,NONE,0,N/A,,,,,N/A,N/A,,,failed,"HTTP 401: {""Response"":{""status"":{""version"": ""1.0.0"",""code"": ""401"",""msg"": ""Unauthorized"",""total"": ""0"",""page"": """
16143260430000,"1133 S PULASKI RD, CHICAGO, IL, 60624",UNKNOWN,N/A,NONE,0,N/A,,,,,N/A,N/A,,,failed,"HTTP 401: {""Response"":{""status"":{""version"": ""1.0.0"",""code"": ""401"",""msg"": ""Unauthorized"",""total"": ""0"",""page"": """
20172180040000,"5709 S ABERDEEN ST, CHICAGO, IL, 60621",UNKNOWN,N/A,NONE,0,N/A,,,,,N/A,N/A,,,failed,"HTTP 401: {""Response"":{""status"":{""version"": ""1.0.0"",""code"": ""401"",""msg"": ""Unauthorized"",""total"": ""0"",""page"": """
16234140150000,"1831 S SAWYER AVE, CHICAGO, IL, 60623",UNKNOWN,N/A,NONE,0,N/A,,,,,N/A,N/A,,,failed,"HTTP 401: {""Response"":{""status"":{""version"": ""1.0.0"",""code"": ""401"",""msg"": ""Unauthorized"",""total"": ""0"",""page"": """
16114110010000,"3359 W WALNUT ST, CHICAGO, IL, 60624",UNKNOWN,N/A,NONE,0,N/A,,,,,N/A,N/A,,,failed,"HTTP 401: {""Response"":{""status"":{""version"": ""1.0.0"",""code"": ""401"",""msg"": ""Unauthorized"",""total"": ""0"",""page"": """
16103110240000,"4418 W FULTON ST, CHICAGO, IL, 60624",UNKNOWN,N/A,NONE,0,N/A,,,,,N/A,N/A,,,failed,"HTTP 401: {""Response"":{""status"":{""version"": ""1.0.0"",""code"": ""401"",""msg"": ""Unauthorized"",""total"": ""0"",""page"": """
20212180090000,"6623 S PERRY AVE, CHICAGO, IL, 60621",UNKNOWN,N/A,NONE,0,N/A,,,,,N/A,N/A,,,failed,"HTTP 401: {""Response"":{""status"":{""version"": ""1.0.0"",""code"": ""401"",""msg"": ""Unauthorized"",""total"": ""0"",""page"": """
26081010360000,"9844 S AVENUE L, CHICAGO, IL, 60617",UNKNOWN,N/A,NONE,0,N/A,,,,,N/A,N/A,,,failed,"HTTP 401: {""Response"":{""status"":{""version"": ""1.0.0"",""code"": ""401"",""msg"": ""Unauthorized"",""total"": ""0"",""page"": """
20331050360000,"7930 S NORMAL AVE, CHICAGO, IL, 60620",UNKNOWN,N/A,NONE,0,N/A,,,,,N/A,N/A,,,failed,"HTTP 401: {""Response"":{""status"":{""version"": ""1.0.0"",""code"": ""401"",""msg"": ""Unauthorized"",""total"": ""0"",""page"": """
26071220250000,"9716 S YATES AVE, CHICAGO, IL, 60617",UNKNOWN,N/A,NONE,0,N/A,,,,,N/A,N/A,,,failed,"HTTP 401: {""Response"":{""status"":{""version"": ""1.0.0"",""code"": ""401"",""msg"": ""Unauthorized"",""total"": ""0"",""page"": """
16103150060000,"4646 W MAYPOLE AVE 1FL, CHICAGO, IL, 60644",UNKNOWN,N/A,NONE,0,N/A,,,,,N/A,N/A,,,failed,"HTTP 401: {""Response"":{""status"":{""version"": ""1.0.0"",""code"": ""401"",""msg"": ""Unauthorized"",""total"": ""0"",""page"": """
26062110380000,"8836 S BALTIMORE AVE, CHICAGO, IL 60601",UNKNOWN,N/A,NONE,0,N/A,,,,,N/A,N/A,,,failed,"HTTP 401: {""Response"":{""status"":{""version"": ""1.0.0"",""code"": ""401"",""msg"": ""Unauthorized"",""total"": ""0"",""page"": """
16234080120000,"1833 S DRAKE AVE, CHICAGO, IL, 60623",UNKNOWN,N/A,NONE,0,N/A,,,,,N/A,N/A,,,failed,"HTTP 401: {""Response"":{""status"":{""version"": ""1.0.0"",""code"": ""401"",""msg"": ""Unauthorized"",""total"": ""0"",""page"": """
25161050030000,"449 W 103RD ST, CHICAGO, IL, 60628",UNKNOWN,N/A,NONE,0,N/A,,,,,N/A,N/A,,,failed,"HTTP 401: {""Response"":{""status"":{""version"": ""1.0.0"",""code"": ""401"",""msg"": ""Unauthorized"",""total"": ""0"",""page"": """
16133290130000,"1137 S RICHMOND ST, CHICAGO, IL, 60612",UNKNOWN,N/A,NONE,0,N/A,,,,,N/A,N/A,,,failed,"HTTP 401: {""Response"":{""status"":{""version"": ""1.0.0"",""code"": ""401"",""msg"": ""Unauthorized"",""total"": ""0"",""page"": """
16094100060000,"221 N LAPORTE AVE, CHICAGO, IL, 60644",UNKNOWN,N/A,NONE,0,N/A,,,,,N/A,N/A,,,failed,"HTTP 401: {""Response"":{""status"":{""version"": ""1.0.0"",""code"": ""401"",""msg"": ""Unauthorized"",""total"": ""0"",""page"": """
16142050200000,"3409 W MONROE ST, CHICAGO, IL, 60624",UNKNOWN,N/A,NONE,0,N/A,,,,,N/A,N/A,,,failed,"HTTP 401: {""Response"":{""status"":{""version"": ""1.0.0"",""code"": ""401"",""msg"": ""Unauthorized"",""total"": ""0"",""page"": """
20331050370000,"7934 S NORMAL AVE, CHICAGO, IL, 60620",UNKNOWN,N/A,NONE,0,N/A,,,,,N/A,N/A,,,failed,"HTTP 401: {""Response"":{""status"":{""version"": ""1.0.0"",""code"": ""401"",""msg"": ""Unauthorized"",""total"": ""0"",""page"": """
20044080440000,"4422 S WELLS ST, CHICAGO, IL, 60609",UNKNOWN,N/A,NONE,0,N/A,,,,,N/A,N/A,,,failed,"HTTP 401: {""Response"":{""status"":{""version"": ""1.0.0"",""code"": ""401"",""msg"": ""Unauthorized"",""total"": ""0"",""page"": """
20171160240000,"5710 S JUSTINE ST, CHICAGO, IL, 60636",UNKNOWN,N/A,NONE,0,N/A,,,,,N/A,N/A,,,failed,"HTTP 401: {""Response"":{""status"":{""version"": ""1.0.0"",""code"": ""401"",""msg"": ""Unauthorized"",""total"": ""0"",""page"": """
20221050470000,"6642 S MICHIGAN AVE, CHICAGO, IL, 60637",UNKNOWN,N/A,NONE,0,N/A,,,,,N/A,N/A,,,failed,"HTTP 401: {""Response"":{""status"":{""version"": ""1.0.0"",""code"": ""401"",""msg"": ""Unauthorized"",""total"": ""0"",""page"": """
25223000180000,"11579 S STATE ST, CHICAGO, IL, 60628",UNKNOWN,N/A,NONE,0,N/A,,,,,N/A,N/A,,,failed,"HTTP 401: {""Response"":{""status"":{""version"": ""1.0.0"",""code"": ""401"",""msg"": ""Unauthorized"",""total"": ""0"",""page"": """
26062110390000,"8838 S BALTIMORE AVE, CHICAGO, IL 60601",UNKNOWN,N/A,NONE,0,N/A,,,,,N/A,N/A,,,failed,"HTTP 401: {""Response"":{""status"":{""version"": ""1.0.0"",""code"": ""401"",""msg"": ""Unauthorized"",""total"": ""0"",""page"": """
25212080010000,"11201 S STEWART AVE, CHICAGO, IL, 60628",UNKNOWN,N/A,NONE,0,N/A,,,,,N/A,N/A,,,failed,"HTTP 401: {""Response"":{""status"":{""version"": ""1.0.0"",""code"": ""401"",""msg"": ""Unauthorized"",""total"": ""0"",""page"": """
25052030410000,"8722 S MORGAN ST, CHICAGO, IL, 60620",UNKNOWN,N/A,NONE,0,N/A,,,,,N/A,N/A,,,failed,"HTTP 401: {""Response"":{""status"":{""version"": ""1.0.0"",""code"": ""401"",""msg"": ""Unauthorized"",""total"": ""0"",""page"": """
16222000360000,"1238 S KOLIN AVE 1, CHICAGO, IL, 60623",UNKNOWN,N/A,NONE,0,N/A,,,,,N/A,N/A,,,failed,"HTTP 401: {""Response"":{""status"":{""version"": ""1.0.0"",""code"": ""401"",""msg"": ""Unauthorized"",""total"": ""0"",""page"": """
25214240330000,"236 W 119TH ST, CHICAGO, IL, 60628",UNKNOWN,N/A,NONE,0,N/A,,,,,N/A,N/A,,,failed,"HTTP 401: {""Response"":{""status"":{""version"": ""1.0.0"",""code"": ""401"",""msg"": ""Unauthorized"",""total"": ""0"",""page"": """
16024210410000,"3440 W CHICAGO AVE, CHICAGO, IL, 60651",UNKNOWN,N/A,NONE,0,N/A,,,,,N/A,N/A,,,failed,"HTTP 401: {""Response"":{""status"":{""version"": ""1.0.0"",""code"": ""401"",""msg"": ""Unauthorized"",""total"": ""0"",""page"": """
16133250330000,"1138 S ALBANY AVE, CHICAGO, IL, 60612",UNKNOWN,N/A,NONE,0,N/A,,,,,N/A,N/A,,,failed,"HTTP 401: {""Response"":{""status"":{""version"": ""1.0.0"",""code"": ""401"",""msg"": ""Unauthorized"",""total"": ""0"",""page"": """
16111260060000,"452 N HARDING AVE, CHICAGO, IL, 60624",UNKNOWN,N/A,NONE,0,N/A,,,,,N/A,N/A,,,failed,"HTTP 401: {""Response"":{""status"":{""version"": ""1.0.0"",""code"": ""401"",""msg"": ""Unauthorized"",""total"": ""0"",""page"": """
16234000810000,"1834 S DRAKE AVE, CHICAGO, IL, 60623",UNKNOWN,N/A,NONE,0,N/A,,,,,N/A,N/A,,,failed,"HTTP 401: {""Response"":{""status"":{""version"": ""1.0.0"",""code"": ""401"",""msg"": ""Unauthorized"",""total"": ""0"",""page"": """
16151190070000,"4523 W JACKSON BLVD, CHICAGO, IL, 60624",UNKNOWN,N/A,NONE,0,N/A,,,,,N/A,N/A,,,failed,"HTTP 401: {""Response"":{""status"":{""version"": ""1.0.0"",""code"": ""401"",""msg"": ""Unauthorized"",""total"": ""0"",""page"": """
25211070330000,"11148 S STEWART AVE, CHICAGO, IL, 60628",UNKNOWN,N/A,NONE,0,N/A,,,,,N/A,N/A,,,failed,"HTTP 401: {""Response"":{""status"":{""version"": ""1.0.0"",""code"": ""401"",""msg"": ""Unauthorized"",""total"": ""0"",""page"": """
20171210310000,"5718 S THROOP ST, CHICAGO, IL, 60636",UNKNOWN,N/A,NONE,0,N/A,,,,,N/A,N/A,,,failed,"HTTP 401: {""Response"":{""status"":{""version"": ""1.0.0"",""code"": ""401"",""msg"": ""Unauthorized"",""total"": ""0"",""page"": """
20222270180000,"6643 S RHODES AVE, CHICAGO, IL, 60637",UNKNOWN,N/A,NONE,0,N/A,,,,,N/A,N/A,,,failed,"HTTP 401: {""Response"":{""status"":{""version"": ""1.0.0"",""code"": ""401"",""msg"": ""Unauthorized"",""total"": ""0"",""page"": """
20331010340000,"7944 S UNION AVE, CHICAGO, IL, 60620",UNKNOWN,N/A,NONE,0,N/A,,,,,N/A,N/A,,,failed,"HTTP 401: {""Response"":{""status"":{""version"": ""1.0.0"",""code"": ""401"",""msg"": ""Unauthorized"",""total"": ""0"",""page"": """
16234140170000,"1835 S SAWYER AVE, CHICAGO, IL, 60623",UNKNOWN,N/A,NONE,0,N/A,,,,,N/A,N/A,,,failed,"HTTP 401: {""Response"":{""status"":{""version"": ""1.0.0"",""code"": ""401"",""msg"": ""Unauthorized"",""total"": ""0"",""page"": """
26062110400000,"8840 S BALTIMORE AVE, CHICAGO, IL 60601",UNKNOWN,N/A,NONE,0,N/A,,,,,N/A,N/A,,,failed,"HTTP 401: {""Response"":{""status"":{""version"": ""1.0.0"",""code"": ""401"",""msg"": ""Unauthorized"",""total"": ""0"",""page"": """
25212010040000,"245 W 111TH ST, CHICAGO, IL, 60628",UNKNOWN,N/A,NONE,0,N/A,,,,,N/A,N/A,,,failed,"HTTP 401: {""Response"":{""status"":{""version"": ""1.0.0"",""code"": ""401"",""msg"": ""Unauthorized"",""total"": ""0"",""page"": """
16111260050000,"454 N HARDING AVE, CHICAGO, IL, 60624",UNKNOWN,N/A,NONE,0,N/A,,,,,N/A,N/A,,,failed,"HTTP 401: {""Response"":{""status"":{""version"": ""1.0.0"",""code"": ""401"",""msg"": ""Unauthorized"",""total"": ""0"",""page"": """
16133260170000,"1143 S ALBANY AVE, CHICAGO, IL, 60612",UNKNOWN,N/A,NONE,0,N/A,,,,,N/A,N/A,,,failed,"HTTP 401: {""Response"":{""status"":{""version"": ""1.0.0"",""code"": ""401"",""msg"": ""Unauthorized"",""total"": ""0"",""page"": """
16142160360000,"3500 W VAN BUREN ST, CHICAGO, IL, 60624",UNKNOWN,N/A,NONE,0,N/A,,,,,N/A,N/A,,,failed,"HTTP 401: {""Response"":{""status"":{""version"": ""1.0.0"",""code"": ""401"",""msg"": ""Unauthorized"",""total"": ""0"",""page"": """
20352000320000,"7950 S AVALON AVE, CHICAGO, IL, 60619",UNKNOWN,N/A,NONE,0,N/A,,,,,N/A,N/A,,,failed,"HTTP 401: {""Response"":{""status"":{""version"": ""1.0.0"",""code"": ""401"",""msg"": ""Unauthorized"",""total"": ""0"",""page"": """
16151190060000,"4527 W JACKSON BLVD, CHICAGO, IL, 60624",UNKNOWN,N/A,NONE,0,N/A,,,,,N/A,N/A,,,failed,"HTTP 401: {""Response"":{""status"":{""version"": ""1.0.0"",""code"": ""401"",""msg"": ""Unauthorized"",""total"": ""0"",""page"": """
20171170300000,"5720 S LAFLIN ST, CHICAGO, IL, 60636",UNKNOWN,N/A,NONE,0,N/A,,,,,N/A,N/A,,,failed,"HTTP 401: {""Response"":{""status"":{""version"": ""1.0.0"",""code"": ""401"",""msg"": ""Unauthorized"",""total"": ""0"",""page"": """
20221070430000,"6646 S INDIANA AVE, CHICAGO, IL, 60637",UNKNOWN,N/A,NONE,0,N/A,,,,,N/A,N/A,,,failed,"HTTP 401: {""Response"":{""status"":{""version"": ""1.0.0"",""code"": ""401"",""msg"": ""Unauthorized"",""total"": ""0"",""page"": """
20331230110000,"8223 S EMERALD AVE, CHICAGO, IL, 60620",UNKNOWN,N/A,NONE,0,N/A,,,,,N/A,N/A,,,failed,"HTTP 401: {""Response"":{""status"":{""version"": ""1.0.0"",""code"": ""401"",""msg"": ""Unauthorized"",""total"": ""0"",""page"": """
25033250400000,"256 E 95TH ST, CHICAGO, IL, 60619",UNKNOWN,N/A,NONE,0,N/A,,,,,N/A,N/A,,,failed,"HTTP 401: {""Response"":{""status"":{""version"": ""1.0.0"",""code"": ""401"",""msg"": ""Unauthorized"",""total"": ""0"",""page"": """
20194240060000,"7013 S DAMEN AVE 1, CHICAGO, IL, 60636",UNKNOWN,N/A,NONE,0,N/A,,,,,N/A,N/A,,,failed,"HTTP 401: {""Response"":{""status"":{""version"": ""1.0.0"",""code"": ""401"",""msg"": ""Unauthorized"",""total"": ""0"",""page"": """
26062120140000,"8841 S BALTIMORE AVE, CHICAGO, IL 60601",UNKNOWN,N/A,NONE,0,N/A,,,,,N/A,N/A,,,failed,"HTTP 401: {""Response"":{""status"":{""version"": ""1.0.0"",""code"": ""401"",""msg"": ""Unauthorized"",""total"": ""0"",""page"": """
25333110560000,"13722 S WALLACE AVE, RIVERDALE, IL, 60827",UNKNOWN,N/A,NONE,0,N/A,,,,,N/A,N/A,,,failed,"HTTP 401: {""Response"":{""status"":{""version"": ""1.0.0"",""code"": ""401"",""msg"": ""Unauthorized"",""total"": ""0"",""page"": """
20163170370000,"456 W 61ST PL, CHICAGO, IL, 60621",UNKNOWN,N/A,NONE,0,N/A,,,,,N/A,N/A,,,failed,"HTTP 401: {""Response"":{""status"":{""version"": ""1.0.0"",""code"": ""401"",""msg"": ""Unauthorized"",""total"": ""0"",""page"": """
16133270170000,"1143 S WHIPPLE ST, CHICAGO, IL, 60612",UNKNOWN,N/A,NONE,0,N/A,,,,,N/A,N/A,,,failed,"HTTP 401: {""Response"":{""status"":{""version"": ""1.0.0"",""code"": ""401"",""msg"": ""Unauthorized"",""total"": ""0"",""page"": """
16151190050000,"4529 W JACKSON BLVD, CHICAGO, IL, 60624",UNKNOWN,N/A,NONE,0,N/A,,,,,N/A,N/A,,,failed,"HTTP 401: {""Response"":{""status"":{""version"": ""1.0.0"",""code"": ""401"",""msg"": ""Unauthorized"",""total"": ""0"",""page"": """
16233100330000,"1838 S AVERS AVE, CHICAGO, IL, 60623",UNKNOWN,N/A,NONE,0,N/A,,,,,N/A,N/A,,,failed,"HTTP 401: {""Response"":{""status"":{""version"": ""1.0.0"",""code"": ""401"",""msg"": ""Unauthorized"",""total"": ""0"",""page"": """
16142040180000,"3509 W MONROE ST, CHICAGO, IL, 60624",UNKNOWN,N/A,NONE,0,N/A,,,,,N/A,N/A,,,failed,"HTTP 401: {""Response"":{""status"":{""version"": ""1.0.0"",""code"": ""401"",""msg"": ""Unauthorized"",""total"": ""0"",""page"": """
25281060090000,"11915 S NORMAL AVE, CHICAGO, IL, 60628",UNKNOWN,N/A,NONE,0,N/A,,,,,N/A,N/A,,,failed,"HTTP 401: {""Response"":{""status"":{""version"": ""1.0.0"",""code"": ""401"",""msg"": ""Unauthorized"",""total"": ""0"",""page"": """
20162150090000,"5727 S LAFAYETTE AVE, CHICAGO, IL, 60621",UNKNOWN,N/A,NONE,0,N/A,,,,,N/A,N/A,,,failed,"HTTP 401: {""Response"":{""status"":{""version"": ""1.0.0"",""code"": ""401"",""msg"": ""Unauthorized"",""total"": ""0"",""page"": """
20331010360000,"7952 S UNION AVE, CHICAGO, IL, 60620",UNKNOWN,N/A,NONE,0,N/A,,,,,N/A,N/A,,,failed,"HTTP 401: {""Response"":{""status"":{""version"": ""1.0.0"",""code"": ""401"",""msg"": ""Unauthorized"",""total"": ""0"",""page"": """
20221050540000,"6662 S MICHIGAN AVE, CHICAGO, IL, 60637",UNKNOWN,N/A,NONE,0,N/A,,,,,N/A,N/A,,,failed,"HTTP 401: {""Response"":{""status"":{""version"": ""1.0.0"",""code"": ""401"",""msg"": ""Unauthorized"",""total"": ""0"",""page"": """
25153180070000,"10915 S MICHIGAN AVE, CHICAGO, IL, 60628",UNKNOWN,N/A,NONE,0,N/A,,,,,N/A,N/A,,,failed,"HTTP 401: {""Response"":{""status"":{""version"": ""1.0.0"",""code"": ""401"",""msg"": ""Unauthorized"",""total"": ""0"",""page"": """
16234140180000,"1839 S SAWYER AVE, CHICAGO, IL, 60623",UNKNOWN,N/A,NONE,0,N/A,,,,,N/A,N/A,,,failed,"HTTP 401: {""Response"":{""status"":{""version"": ""1.0.0"",""code"": ""401"",""msg"": ""Unauthorized"",""total"": ""0"",""page"": """
26062110410000,"8844 S BALTIMORE AVE, CHICAGO, IL 60601",UNKNOWN,N/A,NONE,0,N/A,,,,,N/A,N/A,,,failed,"HTTP 401: {""Response"":{""status"":{""version"": ""1.0.0"",""code"": ""401"",""msg"": ""Unauthorized"",""total"": ""0"",""page"": """
16111270020000,"457 N HARDING AVE, CHICAGO, IL, 60624",UNKNOWN,N/A,NONE,0,N/A,,,,,N/A,N/A,,,failed,"HTTP 401: {""Response"":{""status"":{""version"": ""1.0.0"",""code"": ""401"",""msg"": ""Unauthorized"",""total"": ""0"",""page"": """
29084040070000,"294 E SIBLEY BLVD, HARVEY, IL, 60426",UNKNOWN,N/A,NONE,0,N/A,,,,,N/A,N/A,,,failed,"HTTP 401: {""Response"":{""status"":{""version"": ""1.0.0"",""code"": ""401"",""msg"": ""Unauthorized"",""total"": ""0"",""page"": """
16023000190000,"1144 N HARDING AVE, CHICAGO, IL, 60651",UNKNOWN,N/A,NONE,0,N/A,,,,,N/A,N/A,,,failed,"HTTP 401: {""Response"":{""status"":{""version"": ""1.0.0"",""code"": ""401"",""msg"": ""Unauthorized"",""total"": ""0"",""page"": """
20331010370000,"7956 S UNION AVE, CHICAGO, IL, 60620",UNKNOWN,N/A,NONE,0,N/A,,,,,N/A,N/A,,,failed,"HTTP 401: {""Response"":{""status"":{""version"": ""1.0.0"",""code"": ""401"",""msg"": ""Unauthorized"",""total"": ""0"",""page"": """
16142240400000,"3516 W CONGRESS PKY, CHICAGO, IL, 60624",UNKNOWN,N/A,NONE,0,N/A,,,,,N/A,N/A,,,failed,"HTTP 401: {""Response"":{""status"":{""version"": ""1.0.0"",""code"": ""401"",""msg"": ""Unauthorized"",""total"": ""0"",""page"": """
16103250010000,"4663 W WEST END AVE, CHICAGO, IL, 60644",UNKNOWN,N/A,NONE,0,N/A,,,,,N/A,N/A,,,failed,"HTTP 401: {""Response"":{""status"":{""version"": ""1.0.0"",""code"": ""401"",""msg"": ""Unauthorized"",""total"": ""0"",""page"": """
20171210350000,"5728 S THROOP ST, CHICAGO, IL, 60636",UNKNOWN,N/A,NONE,0,N/A,,,,,N/A,N/A,,,failed,"HTTP 401: {""Response"":{""status"":{""version"": ""1.0.0"",""code"": ""401"",""msg"": ""Unauthorized"",""total"": ""0"",""page"": """
20224010270000,"6718 S RHODES AVE, CHICAGO, IL, 60637",UNKNOWN,N/A,NONE,0,N/A,,,,,N/A,N/A,,,failed,"HTTP 401: {""Response"":{""status"":{""version"": ""1.0.0"",""code"": ""401"",""msg"": ""Unauthorized"",""total"": ""0"",""page"": """
16151180040000,"306 S KOLMAR AVE, CHICAGO, IL, 60624",UNKNOWN,N/A,NONE,0,N/A,,,,,N/A,N/A,,,failed,"HTTP 401: {""Response"":{""status"":{""version"": ""1.0.0"",""code"": ""401"",""msg"": ""Unauthorized"",""total"": ""0"",""page"": """
26053200140000,"9733 S AVENUE N, CHICAGO, IL, 60617",UNKNOWN,N/A,NONE,0,N/A,,,,,N/A,N/A,,,failed,"HTTP 401: {""Response"":{""status"":{""version"": ""1.0.0"",""code"": ""401"",""msg"": ""Unauthorized"",""total"": ""0"",""page"": """
16044210090000,"4931 W WALTON ST 1, CHICAGO, IL, 60651",UNKNOWN,N/A,NONE,0,N/A,,,,,N/A,N/A,,,failed,"HTTP 401: {""Response"":{""status"":{""version"": ""1.0.0"",""code"": ""401"",""msg"": ""Unauthorized"",""total"": ""0"",""page"": """
26081100330000,"9924 S AVENUE J, CHICAGO, IL, 60617",UNKNOWN,N/A,NONE,0,N/A,,,,,N/A,N/A,,,failed,"HTTP 401: {""Response"":{""status"":{""version"": ""1.0.0"",""code"": ""401"",""msg"": ""Unauthorized"",""total"": ""0"",""page"": """
26062110420000,"8846 S BALTIMORE AVE, CHICAGO, IL 60601",UNKNOWN,N/A,NONE,0,N/A,,,,,N/A,N/A,,,failed,"HTTP 401: {""Response"":{""status"":{""version"": ""1.0.0"",""code"": ""401"",""msg"": ""Unauthorized"",""total"": ""0"",""page"": """
16101080360000,"4716 W RACE AVE, CHICAGO, IL, 60644",UNKNOWN,N/A,NONE,0,N/A,,,,,N/A,N/A,,,failed,"HTTP 401: {""Response"":{""status"":{""version"": ""1.0.0"",""code"": ""401"",""msg"": ""Unauthorized"",""total"": ""0"",""page"": """
16111270010000,"459 N HARDING AVE, CHICAGO, IL, 60624",UNKNOWN,N/A,NONE,0,N/A,,,,,N/A,N/A,,,failed,"HTTP 401: {""Response"":{""status"":{""version"": ""1.0.0"",""code"": ""401"",""msg"": ""Unauthorized"",""total"": ""0"",""page"": """
16233120420000,"1840 S RIDGEWAY AVE, CHICAGO, IL, 60623",UNKNOWN,N/A,NONE,0,N/A,,,,,N/A,N/A,,,failed,"HTTP 401: {""Response"":{""status"":{""version"": ""1.0.0"",""code"": ""401"",""msg"": ""Unauthorized"",""total"": ""0"",""page"": """
16142160070000,"3553 W FIFTH AVE, CHICAGO, IL, 60624",UNKNOWN,N/A,NONE,0,N/A,,,,,N/A,N/A,,,failed,"HTTP 401: {""Response"":{""status"":{""version"": ""1.0.0"",""code"": ""401"",""msg"": ""Unauthorized"",""total"": ""0"",""page"": """
16231000230000,"1216 S HARDING AVE, CHICAGO, IL, 60623",UNKNOWN,N/A,NONE,0,N/A,,,,,N/A,N/A,,,failed,"HTTP 401: {""Response"":{""status"":{""version"": ""1.0.0"",""code"": ""401"",""msg"": ""Unauthorized"",""total"": ""0"",""page"": """
25052030400000,"8724 S MORGAN ST, CHICAGO, IL, 60620",UNKNOWN,N/A,NONE,0,N/A,,,,,N/A,N/A,,,failed,"HTTP 401: {""Response"":{""status"":{""version"": ""1.0.0"",""code"": ""401"",""msg"": ""Unauthorized"",""total"": ""0"",""page"": """
20194030290000,"6720 S WOOD ST, CHICAGO, IL, 60636",UNKNOWN,N/A,NONE,0,N/A,,,,,N/A,N/A,,,failed,"HTTP 401: {""Response"":{""status"":{""version"": ""1.0.0"",""code"": ""401"",""msg"": ""Unauthorized"",""total"": ""0"",""page"": """
20331150170000,"8049 S VINCENNES AVE, CHICAGO, IL, 60620",UNKNOWN,N/A,NONE,0,N/A,,,,,N/A,N/A,,,failed,"HTTP 401: {""Response"":{""status"":{""version"": ""1.0.0"",""code"": ""401"",""msg"": ""Unauthorized"",""total"": ""0"",""page"": """
25214100180000,"11604 S YALE AVE, CHICAGO, IL, 60628",UNKNOWN,N/A,NONE,0,N/A,,,,,N/A,N/A,,,failed,"HTTP 401: {""Response"":{""status"":{""version"": ""1.0.0"",""code"": ""401"",""msg"": ""Unauthorized"",""total"": ""0"",""page"": """
20172200120000,"5737 S MORGAN ST, CHICAGO, IL, 60621",UNKNOWN,N/A,NONE,0,N/A,,,,,N/A,N/A,,,failed,"HTTP 401: {""Response"":{""status"":{""version"": ""1.0.0"",""code"": ""401"",""msg"": ""Unauthorized"",""total"": ""0"",""page"": """
20291220100000,"1411 W 73RD ST 1, CHICAGO, IL, 60636",UNKNOWN,N/A,NONE,0,N/A,,,,,N/A,N/A,,,failed,"HTTP 401: {""Response"":{""status"":{""version"": ""1.0.0"",""code"": ""401"",""msg"": ""Unauthorized"",""total"": ""0"",""page"": """
